Workbook
Name ab_condition: Lists!$AE$3:$AE$104
Name ab_dia_act: Lists!$AD$3:$AD$104
Name ab_dia_req: Lists!$T$3:$T$68
Name ab_F: Lists!$Y$3:$Y$104
Name ab_fc: Lists!$AG$3:$AG$104
Name ab_lede: Lists!$Z$3:$Z$104
Name ab_sdc: Lists!$AF$3:$AF$104
Name abt_corner: Lists!$AB$3:$AB$104
Name abt_end: Lists!$AC$3:$AC$104
Name abt_mid: Lists!$AA$3:$AA$104
Name anchor: Lists!$X$3:$X$104
Name ga_gyp: Lists!$AP$3:$AP$53
Name ga_osb: Lists!$AN$3:$AN$53
Name ga_ply: Lists!$AO$3:$AO$53
Name hd_ab: Sheet1!$W$41:$W$66
Name hd_cap: Sheet1!$E$41:$E$66
Name hd_holdown: Sheet1!$V$41:$V$66
Name hd_mark: Sheet1!$C$41:$C$66
Name hd_off: Sheet1!$L$41:$L$66
Name hdoffset: Lists!$V$3:$V$68
Name hdslip: Lists!$S$3:$S$68
Name hdt_dfsp: Lists!$N$3:$N$68
Name hdt_spfhf: Lists!$O$3:$O$68
Name holdown: Lists!$L$3:$L$68
Name num_gyp: Sheet1!$C$12:$C$20
Name num_osb: Sheet1!$C$30:$C$38
Name num_ply: Sheet1!$C$21:$C$29
Name post24: Lists!$P$3:$P$68
Name post26: Lists!$Q$3:$Q$68
Name sheath_assembly: Sheet1!$K$12:$K$38
Name sheath_ecap_asd: Sheet1!$G$12:$G$38
Name sheath_ecap_lrfd: Sheet1!$I$12:$I$38
Name sheath_ga: Sheet1!$J$12:$J$38
Name sheath_mark: Sheet1!$C$12:$C$38
Name sheath_wcap_asd: Sheet1!$F$12:$F$38
Name sheath_wcap_lrfd: Sheet1!$H$12:$H$38
Name sheathing: Lists!$AQ$3:$AQ$53
Name sw0.5: Lists!$AM$3:$AM$53
Name sw0.8: Lists!$AL$3:$AL$53
Name sw0.92: Lists!$M$3:$M$68
Name sw1.0: Lists!$AI$3:$AI$53
Name sw2.0: Lists!$AJ$3:$AJ$53
Name sw2.8: Lists!$AK$3:$AK$53
Name w_global_wind: Sheet2!$H$20:$H$25

Sheet Sheet1
B2: Shear Walls | F2: INDEX(ITEM PROPERTY,MATCH(ITEM SOURCE, ITEM LIST, 0),0)
B4: AB | C4: SDC
B5: YES | C5: Blocked
B6: 12 | C6: Edge Nailing (in o.c.)
B7: 16 | C7: Max Shear Wall Stud Spacing
B8: =IF(B5="YES",1,IF(B6=6,IF(B7=12,1,IF(B7=16,0.8,IF(B7=19.2,0.6,0.5))),IF(B7=12,0.8,IF(B7=16,0.6,IF(B7=19.2,0.5,0.4))))) -> 1 | C8: Cub
B9: 2500 | C9: Concrete Strength at Anchors
F10: Ω=2.0 | G10: Ω=2.8 | H10: φ=0.8 | I10: φ=0.5
B11: Sheathing | C11: Mark | D11: Both Sides? | E11: Vn (plf) | F11: Vaw | G11: Vae | H11: Vuw | I11: Vue | J11: Ga (k/in) | K11: Assembly
B12: Gypboard | C12: 11 | D12: NO | E12: {=IF(K12=0,0,INDEX(sw1.0,MATCH(K12,sheathing,0),0)*IF(D12="yes",2,1))} -> 290 | F12: {=IF(K12=0,0,INDEX(sw2.0,MATCH(K12,sheathing,0),0)*IF(D12="yes",2,1))} -> 133.4 | G12: {=IF(K12=0,0,INDEX(sw2.8,MATCH(K12,sheathing,0),0)*IF(D12="yes",2,1))} -> 95.285714 | H12: {=IF(K12=0,0,INDEX(sw0.8,MATCH(K12,sheathing,0),0)*IF(D12="yes",2,1))} -> 213.44 | I12: {=IF(K12=0,0,INDEX(sw0.5,MATCH(K12,sheathing,0),0)*IF(D12="yes",2,1))} -> 133.4 | J12: {=IF(K12=0,0,INDEX(ga_gyp,MATCH(K12,sheathing,0),0)*IF(D12="yes",2,1))} -> 7.5 | K12: 5/8" blocked gypsum wallboard with 6d cooler nail at 7"oc edge and 7"oc field
C13: 12 | D13: NO | E13: {=IF(K13=0,0,INDEX(sw1.0,MATCH(K13,sheathing,0),0)*IF(D13="yes",2,1))} -> 350 | F13: {=IF(K13=0,0,INDEX(sw2.0,MATCH(K13,sheathing,0),0)*IF(D13="yes",2,1))} -> 161 | G13: {=IF(K13=0,0,INDEX(sw2.8,MATCH(K13,sheathing,0),0)*IF(D13="yes",2,1))} -> 115 | H13: {=IF(K13=0,0,INDEX(sw0.8,MATCH(K13,sheathing,0),0)*IF(D13="yes",2,1))} -> 257.6 | I13: {=IF(K13=0,0,INDEX(sw0.5,MATCH(K13,sheathing,0),0)*IF(D13="yes",2,1))} -> 161 | J13: {=IF(K13=0,0,INDEX(ga_gyp,MATCH(K13,sheathing,0),0)*IF(D13="yes",2,1))} -> 8.5 | K13: 5/8" blocked gypsum wallboard with 6d cooler nail at 4"oc edge and 4"oc field
C14: 13 | D14: NO | E14: {=IF(K14=0,0,INDEX(sw1.0,MATCH(K14,sheathing,0),0)*IF(D14="yes",2,1))} -> 350 | F14: {=IF(K14=0,0,INDEX(sw2.0,MATCH(K14,sheathing,0),0)*IF(D14="yes",2,1))} -> 161 | G14: {=IF(K14=0,0,INDEX(sw2.8,MATCH(K14,sheathing,0),0)*IF(D14="yes",2,1))} -> 115 | H14: {=IF(K14=0,0,INDEX(sw0.8,MATCH(K14,sheathing,0),0)*IF(D14="yes",2,1))} -> 257.6 | I14: {=IF(K14=0,0,INDEX(sw0.5,MATCH(K14,sheathing,0),0)*IF(D14="yes",2,1))} -> 161 | J14: {=IF(K14=0,0,INDEX(ga_gyp,MATCH(K14,sheathing,0),0)*IF(D14="yes",2,1))} -> 8.5 | K14: 5/8" blocked gypsum wallboard with 6d cooler nail at 4"oc edge and 4"oc field
C15: 14 | D15: NO | E15: {=IF(K15=0,0,INDEX(sw1.0,MATCH(K15,sheathing,0),0)*IF(D15="yes",2,1))} -> 0 | F15: {=IF(K15=0,0,INDEX(sw2.0,MATCH(K15,sheathing,0),0)*IF(D15="yes",2,1))} -> 0 | G15: {=IF(K15=0,0,INDEX(sw2.8,MATCH(K15,sheathing,0),0)*IF(D15="yes",2,1))} -> 0 | H15: {=IF(K15=0,0,INDEX(sw0.8,MATCH(K15,sheathing,0),0)*IF(D15="yes",2,1))} -> 0 | I15: {=IF(K15=0,0,INDEX(sw0.5,MATCH(K15,sheathing,0),0)*IF(D15="yes",2,1))} -> 0 | J15: {=IF(K15=0,0,INDEX(ga_gyp,MATCH(K15,sheathing,0),0)*IF(D15="yes",2,1))} -> 0
C16: 15 | D16: NO | E16: {=IF(K16=0,0,INDEX(sw1.0,MATCH(K16,sheathing,0),0)*IF(D16="yes",2,1))} -> 0 | F16: {=IF(K16=0,0,INDEX(sw2.0,MATCH(K16,sheathing,0),0)*IF(D16="yes",2,1))} -> 0 | G16: {=IF(K16=0,0,INDEX(sw2.8,MATCH(K16,sheathing,0),0)*IF(D16="yes",2,1))} -> 0 | H16: {=IF(K16=0,0,INDEX(sw0.8,MATCH(K16,sheathing,0),0)*IF(D16="yes",2,1))} -> 0 | I16: {=IF(K16=0,0,INDEX(sw0.5,MATCH(K16,sheathing,0),0)*IF(D16="yes",2,1))} -> 0 | J16: {=IF(K16=0,0,INDEX(ga_gyp,MATCH(K16,sheathing,0),0)*IF(D16="yes",2,1))} -> 0
C17: 16 | D17: NO | E17: {=IF(K17=0,0,INDEX(sw1.0,MATCH(K17,sheathing,0),0)*IF(D17="yes",2,1))} -> 0 | F17: {=IF(K17=0,0,INDEX(sw2.0,MATCH(K17,sheathing,0),0)*IF(D17="yes",2,1))} -> 0 | G17: {=IF(K17=0,0,INDEX(sw2.8,MATCH(K17,sheathing,0),0)*IF(D17="yes",2,1))} -> 0 | H17: {=IF(K17=0,0,INDEX(sw0.8,MATCH(K17,sheathing,0),0)*IF(D17="yes",2,1))} -> 0 | I17: {=IF(K17=0,0,INDEX(sw0.5,MATCH(K17,sheathing,0),0)*IF(D17="yes",2,1))} -> 0 | J17: {=IF(K17=0,0,INDEX(ga_gyp,MATCH(K17,sheathing,0),0)*IF(D17="yes",2,1))} -> 0
C18: 17 | D18: NO | E18: {=IF(K18=0,0,INDEX(sw1.0,MATCH(K18,sheathing,0),0)*IF(D18="yes",2,1))} -> 0 | F18: {=IF(K18=0,0,INDEX(sw2.0,MATCH(K18,sheathing,0),0)*IF(D18="yes",2,1))} -> 0 | G18: {=IF(K18=0,0,INDEX(sw2.8,MATCH(K18,sheathing,0),0)*IF(D18="yes",2,1))} -> 0 | H18: {=IF(K18=0,0,INDEX(sw0.8,MATCH(K18,sheathing,0),0)*IF(D18="yes",2,1))} -> 0 | I18: {=IF(K18=0,0,INDEX(sw0.5,MATCH(K18,sheathing,0),0)*IF(D18="yes",2,1))} -> 0 | J18: {=IF(K18=0,0,INDEX(ga_gyp,MATCH(K18,sheathing,0),0)*IF(D18="yes",2,1))} -> 0
C19: 18 | D19: NO | E19: {=IF(K19=0,0,INDEX(sw1.0,MATCH(K19,sheathing,0),0)*IF(D19="yes",2,1))} -> 0 | F19: {=IF(K19=0,0,INDEX(sw2.0,MATCH(K19,sheathing,0),0)*IF(D19="yes",2,1))} -> 0 | G19: {=IF(K19=0,0,INDEX(sw2.8,MATCH(K19,sheathing,0),0)*IF(D19="yes",2,1))} -> 0 | H19: {=IF(K19=0,0,INDEX(sw0.8,MATCH(K19,sheathing,0),0)*IF(D19="yes",2,1))} -> 0 | I19: {=IF(K19=0,0,INDEX(sw0.5,MATCH(K19,sheathing,0),0)*IF(D19="yes",2,1))} -> 0 | J19: {=IF(K19=0,0,INDEX(ga_gyp,MATCH(K19,sheathing,0),0)*IF(D19="yes",2,1))} -> 0
C20: 19 | D20: NO | E20: {=IF(K20=0,0,INDEX(sw1.0,MATCH(K20,sheathing,0),0)*IF(D20="yes",2,1))} -> 0 | F20: {=IF(K20=0,0,INDEX(sw2.0,MATCH(K20,sheathing,0),0)*IF(D20="yes",2,1))} -> 0 | G20: {=IF(K20=0,0,INDEX(sw2.8,MATCH(K20,sheathing,0),0)*IF(D20="yes",2,1))} -> 0 | H20: {=IF(K20=0,0,INDEX(sw0.8,MATCH(K20,sheathing,0),0)*IF(D20="yes",2,1))} -> 0 | I20: {=IF(K20=0,0,INDEX(sw0.5,MATCH(K20,sheathing,0),0)*IF(D20="yes",2,1))} -> 0 | J20: {=IF(K20=0,0,INDEX(ga_gyp,MATCH(K20,sheathing,0),0)*IF(D20="yes",2,1))} -> 0
B21: Plywood | C21: 21 | D21: NO | E21: {=IF(K21=0,0,INDEX(sw1.0,MATCH(K21,sheathing,0),0)*IF(D21="yes",2,1))} -> 730 | F21: {=IF(K21=0,0,INDEX(sw2.0,MATCH(K21,sheathing,0),0)*IF(D21="yes",2,1))} -> 335.8 | G21: {=IF(K21=0,0,INDEX(sw2.8,MATCH(K21,sheathing,0),0)*IF(D21="yes",2,1))} -> 239.85714 | H21: {=IF(K21=0,0,INDEX(sw0.8,MATCH(K21,sheathing,0),0)*IF(D21="yes",2,1))} -> 537.28 | I21: {=IF(K21=0,0,INDEX(sw0.5,MATCH(K21,sheathing,0),0)*IF(D21="yes",2,1))} -> 335.8 | J21: {=IF(K21=0,0,INDEX(ga_ply,MATCH(K21,sheathing,0),0)*IF(D21="yes",2,1))} -> 10 | K21: 3/8" (7/16 or 15/32) blocked WSP sheathing with 8d at 6"oc edge and 12"oc field
B22: (or OSB) | C22: 22 | D22: NO | E22: {=IF(K22=0,0,INDEX(sw1.0,MATCH(K22,sheathing,0),0)*IF(D22="yes",2,1))} -> 1065 | F22: {=IF(K22=0,0,INDEX(sw2.0,MATCH(K22,sheathing,0),0)*IF(D22="yes",2,1))} -> 489.9 | G22: {=IF(K22=0,0,INDEX(sw2.8,MATCH(K22,sheathing,0),0)*IF(D22="yes",2,1))} -> 349.92857 | H22: {=IF(K22=0,0,INDEX(sw0.8,MATCH(K22,sheathing,0),0)*IF(D22="yes",2,1))} -> 783.84 | I22: {=IF(K22=0,0,INDEX(sw0.5,MATCH(K22,sheathing,0),0)*IF(D22="yes",2,1))} -> 489.9 | J22: {=IF(K22=0,0,INDEX(ga_ply,MATCH(K22,sheathing,0),0)*IF(D22="yes",2,1))} -> 13 | K22: 3/8" (7/16 or 15/32) blocked WSP sheathing with 8d at 4"oc edge and 12"oc field
C23: 23 | D23: NO | E23: {=IF(K23=0,0,INDEX(sw1.0,MATCH(K23,sheathing,0),0)*IF(D23="yes",2,1))} -> 1370 | F23: {=IF(K23=0,0,INDEX(sw2.0,MATCH(K23,sheathing,0),0)*IF(D23="yes",2,1))} -> 630.2 | G23: {=IF(K23=0,0,INDEX(sw2.8,MATCH(K23,sheathing,0),0)*IF(D23="yes",2,1))} -> 450.14286 | H23: {=IF(K23=0,0,INDEX(sw0.8,MATCH(K23,sheathing,0),0)*IF(D23="yes",2,1))} -> 1008.32 | I23: {=IF(K23=0,0,INDEX(sw0.5,MATCH(K23,sheathing,0),0)*IF(D23="yes",2,1))} -> 630.2 | J23: {=IF(K23=0,0,INDEX(ga_ply,MATCH(K23,sheathing,0),0)*IF(D23="yes",2,1))} -> 15 | K23: 3/8" (7/16 or 15/32) blocked WSP sheathing with 8d at 3"oc edge and 12"oc field
C24: 24 | D24: NO | E24: {=IF(K24=0,0,INDEX(sw1.0,MATCH(K24,sheathing,0),0)*IF(D24="yes",2,1))} -> 1790 | F24: {=IF(K24=0,0,INDEX(sw2.0,MATCH(K24,sheathing,0),0)*IF(D24="yes",2,1))} -> 823.4 | G24: {=IF(K24=0,0,INDEX(sw2.8,MATCH(K24,sheathing,0),0)*IF(D24="yes",2,1))} -> 588.14286 | H24: {=IF(K24=0,0,INDEX(sw0.8,MATCH(K24,sheathing,0),0)*IF(D24="yes",2,1))} -> 1317.44 | I24: {=IF(K24=0,0,INDEX(sw0.5,MATCH(K24,sheathing,0),0)*IF(D24="yes",2,1))} -> 823.4 | J24: {=IF(K24=0,0,INDEX(ga_ply,MATCH(K24,sheathing,0),0)*IF(D24="yes",2,1))} -> 20 | K24: 3/8" (7/16 or 15/32) blocked WSP sheathing with 8d at 2"oc edge and 12"oc field
C25: 25 | D25: NO | E25: {=IF(K25=0,0,INDEX(sw1.0,MATCH(K25,sheathing,0),0)*IF(D25="yes",2,1))} -> 0 | F25: {=IF(K25=0,0,INDEX(sw2.0,MATCH(K25,sheathing,0),0)*IF(D25="yes",2,1))} -> 0 | G25: {=IF(K25=0,0,INDEX(sw2.8,MATCH(K25,sheathing,0),0)*IF(D25="yes",2,1))} -> 0 | H25: {=IF(K25=0,0,INDEX(sw0.8,MATCH(K25,sheathing,0),0)*IF(D25="yes",2,1))} -> 0 | I25: {=IF(K25=0,0,INDEX(sw0.5,MATCH(K25,sheathing,0),0)*IF(D25="yes",2,1))} -> 0 | J25: {=IF(K25=0,0,INDEX(ga_ply,MATCH(K25,sheathing,0),0)*IF(D25="yes",2,1))} -> 0
C26: 26 | D26: NO | E26: {=IF(K26=0,0,INDEX(sw1.0,MATCH(K26,sheathing,0),0)*IF(D26="yes",2,1))} -> 0 | F26: {=IF(K26=0,0,INDEX(sw2.0,MATCH(K26,sheathing,0),0)*IF(D26="yes",2,1))} -> 0 | G26: {=IF(K26=0,0,INDEX(sw2.8,MATCH(K26,sheathing,0),0)*IF(D26="yes",2,1))} -> 0 | H26: {=IF(K26=0,0,INDEX(sw0.8,MATCH(K26,sheathing,0),0)*IF(D26="yes",2,1))} -> 0 | I26: {=IF(K26=0,0,INDEX(sw0.5,MATCH(K26,sheathing,0),0)*IF(D26="yes",2,1))} -> 0 | J26: {=IF(K26=0,0,INDEX(ga_ply,MATCH(K26,sheathing,0),0)*IF(D26="yes",2,1))} -> 0
C27: 27 | D27: NO | E27: {=IF(K27=0,0,INDEX(sw1.0,MATCH(K27,sheathing,0),0)*IF(D27="yes",2,1))} -> 0 | F27: {=IF(K27=0,0,INDEX(sw2.0,MATCH(K27,sheathing,0),0)*IF(D27="yes",2,1))} -> 0 | G27: {=IF(K27=0,0,INDEX(sw2.8,MATCH(K27,sheathing,0),0)*IF(D27="yes",2,1))} -> 0 | H27: {=IF(K27=0,0,INDEX(sw0.8,MATCH(K27,sheathing,0),0)*IF(D27="yes",2,1))} -> 0 | I27: {=IF(K27=0,0,INDEX(sw0.5,MATCH(K27,sheathing,0),0)*IF(D27="yes",2,1))} -> 0 | J27: {=IF(K27=0,0,INDEX(ga_ply,MATCH(K27,sheathing,0),0)*IF(D27="yes",2,1))} -> 0
C28: 28 | D28: NO | E28: {=IF(K28=0,0,INDEX(sw1.0,MATCH(K28,sheathing,0),0)*IF(D28="yes",2,1))} -> 0 | F28: {=IF(K28=0,0,INDEX(sw2.0,MATCH(K28,sheathing,0),0)*IF(D28="yes",2,1))} -> 0 | G28: {=IF(K28=0,0,INDEX(sw2.8,MATCH(K28,sheathing,0),0)*IF(D28="yes",2,1))} -> 0 | H28: {=IF(K28=0,0,INDEX(sw0.8,MATCH(K28,sheathing,0),0)*IF(D28="yes",2,1))} -> 0 | I28: {=IF(K28=0,0,INDEX(sw0.5,MATCH(K28,sheathing,0),0)*IF(D28="yes",2,1))} -> 0 | J28: {=IF(K28=0,0,INDEX(ga_ply,MATCH(K28,sheathing,0),0)*IF(D28="yes",2,1))} -> 0
C29: 29 | D29: NO | E29: {=IF(K29=0,0,INDEX(sw1.0,MATCH(K29,sheathing,0),0)*IF(D29="yes",2,1))} -> 0 | F29: {=IF(K29=0,0,INDEX(sw2.0,MATCH(K29,sheathing,0),0)*IF(D29="yes",2,1))} -> 0 | G29: {=IF(K29=0,0,INDEX(sw2.8,MATCH(K29,sheathing,0),0)*IF(D29="yes",2,1))} -> 0 | H29: {=IF(K29=0,0,INDEX(sw0.8,MATCH(K29,sheathing,0),0)*IF(D29="yes",2,1))} -> 0 | I29: {=IF(K29=0,0,INDEX(sw0.5,MATCH(K29,sheathing,0),0)*IF(D29="yes",2,1))} -> 0 | J29: {=IF(K29=0,0,INDEX(ga_ply,MATCH(K29,sheathing,0),0)*IF(D29="yes",2,1))} -> 0
B30: OSB | C30: 31 | D30: NO | E30: {=IF(K30=0,0,INDEX(sw1.0,MATCH(K30,sheathing,0),0)*IF(D30="yes",2,1))} -> 730 | F30: {=IF(K30=0,0,INDEX(sw2.0,MATCH(K30,sheathing,0),0)*IF(D30="yes",2,1))} -> 335.8 | G30: {=IF(K30=0,0,INDEX(sw2.8,MATCH(K30,sheathing,0),0)*IF(D30="yes",2,1))} -> 239.85714 | H30: {=IF(K30=0,0,INDEX(sw0.8,MATCH(K30,sheathing,0),0)*IF(D30="yes",2,1))} -> 537.28 | I30: {=IF(K30=0,0,INDEX(sw0.5,MATCH(K30,sheathing,0),0)*IF(D30="yes",2,1))} -> 335.8 | J30: {=IF(K30=0,0,INDEX(ga_osb,MATCH(K30,sheathing,0),0)*IF(D30="yes",2,1))} -> 13 | K30: 3/8" (7/16 or 15/32) blocked WSP sheathing with 8d at 6"oc edge and 12"oc field
C31: 32 | D31: NO | E31: {=IF(K31=0,0,INDEX(sw1.0,MATCH(K31,sheathing,0),0)*IF(D31="yes",2,1))} -> 1065 | F31: {=IF(K31=0,0,INDEX(sw2.0,MATCH(K31,sheathing,0),0)*IF(D31="yes",2,1))} -> 489.9 | G31: {=IF(K31=0,0,INDEX(sw2.8,MATCH(K31,sheathing,0),0)*IF(D31="yes",2,1))} -> 349.92857 | H31: {=IF(K31=0,0,INDEX(sw0.8,MATCH(K31,sheathing,0),0)*IF(D31="yes",2,1))} -> 783.84 | I31: {=IF(K31=0,0,INDEX(sw0.5,MATCH(K31,sheathing,0),0)*IF(D31="yes",2,1))} -> 489.9 | J31: {=IF(K31=0,0,INDEX(ga_osb,MATCH(K31,sheathing,0),0)*IF(D31="yes",2,1))} -> 19 | K31: 3/8" (7/16 or 15/32) blocked WSP sheathing with 8d at 4"oc edge and 12"oc field
C32: 33 | D32: NO | E32: {=IF(K32=0,0,INDEX(sw1.0,MATCH(K32,sheathing,0),0)*IF(D32="yes",2,1))} -> 1370 | F32: {=IF(K32=0,0,INDEX(sw2.0,MATCH(K32,sheathing,0),0)*IF(D32="yes",2,1))} -> 630.2 | G32: {=IF(K32=0,0,INDEX(sw2.8,MATCH(K32,sheathing,0),0)*IF(D32="yes",2,1))} -> 450.14286 | H32: {=IF(K32=0,0,INDEX(sw0.8,MATCH(K32,sheathing,0),0)*IF(D32="yes",2,1))} -> 1008.32 | I32: {=IF(K32=0,0,INDEX(sw0.5,MATCH(K32,sheathing,0),0)*IF(D32="yes",2,1))} -> 630.2 | J32: {=IF(K32=0,0,INDEX(ga_osb,MATCH(K32,sheathing,0),0)*IF(D32="yes",2,1))} -> 25 | K32: 3/8" (7/16 or 15/32) blocked WSP sheathing with 8d at 3"oc edge and 12"oc field
C33: 34 | D33: NO | E33: {=IF(K33=0,0,INDEX(sw1.0,MATCH(K33,sheathing,0),0)*IF(D33="yes",2,1))} -> 1790 | F33: {=IF(K33=0,0,INDEX(sw2.0,MATCH(K33,sheathing,0),0)*IF(D33="yes",2,1))} -> 823.4 | G33: {=IF(K33=0,0,INDEX(sw2.8,MATCH(K33,sheathing,0),0)*IF(D33="yes",2,1))} -> 588.14286 | H33: {=IF(K33=0,0,INDEX(sw0.8,MATCH(K33,sheathing,0),0)*IF(D33="yes",2,1))} -> 1317.44 | I33: {=IF(K33=0,0,INDEX(sw0.5,MATCH(K33,sheathing,0),0)*IF(D33="yes",2,1))} -> 823.4 | J33: {=IF(K33=0,0,INDEX(ga_osb,MATCH(K33,sheathing,0),0)*IF(D33="yes",2,1))} -> 39 | K33: 3/8" (7/16 or 15/32) blocked WSP sheathing with 8d at 2"oc edge and 12"oc field
C34: 35 | D34: NO | E34: {=IF(K34=0,0,INDEX(sw1.0,MATCH(K34,sheathing,0),0)*IF(D34="yes",2,1))} -> 0 | F34: {=IF(K34=0,0,INDEX(sw2.0,MATCH(K34,sheathing,0),0)*IF(D34="yes",2,1))} -> 0 | G34: {=IF(K34=0,0,INDEX(sw2.8,MATCH(K34,sheathing,0),0)*IF(D34="yes",2,1))} -> 0 | H34: {=IF(K34=0,0,INDEX(sw0.8,MATCH(K34,sheathing,0),0)*IF(D34="yes",2,1))} -> 0 | I34: {=IF(K34=0,0,INDEX(sw0.5,MATCH(K34,sheathing,0),0)*IF(D34="yes",2,1))} -> 0 | J34: {=IF(K34=0,0,INDEX(ga_osb,MATCH(K34,sheathing,0),0)*IF(D34="yes",2,1))} -> 0
C35: 36 | D35: NO | E35: {=IF(K35=0,0,INDEX(sw1.0,MATCH(K35,sheathing,0),0)*IF(D35="yes",2,1))} -> 0 | F35: {=IF(K35=0,0,INDEX(sw2.0,MATCH(K35,sheathing,0),0)*IF(D35="yes",2,1))} -> 0 | G35: {=IF(K35=0,0,INDEX(sw2.8,MATCH(K35,sheathing,0),0)*IF(D35="yes",2,1))} -> 0 | H35: {=IF(K35=0,0,INDEX(sw0.8,MATCH(K35,sheathing,0),0)*IF(D35="yes",2,1))} -> 0 | I35: {=IF(K35=0,0,INDEX(sw0.5,MATCH(K35,sheathing,0),0)*IF(D35="yes",2,1))} -> 0 | J35: {=IF(K35=0,0,INDEX(ga_osb,MATCH(K35,sheathing,0),0)*IF(D35="yes",2,1))} -> 0
C36: 37 | D36: NO | E36: {=IF(K36=0,0,INDEX(sw1.0,MATCH(K36,sheathing,0),0)*IF(D36="yes",2,1))} -> 0 | F36: {=IF(K36=0,0,INDEX(sw2.0,MATCH(K36,sheathing,0),0)*IF(D36="yes",2,1))} -> 0 | G36: {=IF(K36=0,0,INDEX(sw2.8,MATCH(K36,sheathing,0),0)*IF(D36="yes",2,1))} -> 0 | H36: {=IF(K36=0,0,INDEX(sw0.8,MATCH(K36,sheathing,0),0)*IF(D36="yes",2,1))} -> 0 | I36: {=IF(K36=0,0,INDEX(sw0.5,MATCH(K36,sheathing,0),0)*IF(D36="yes",2,1))} -> 0 | J36: {=IF(K36=0,0,INDEX(ga_osb,MATCH(K36,sheathing,0),0)*IF(D36="yes",2,1))} -> 0
C37: 38 | D37: NO | E37: {=IF(K37=0,0,INDEX(sw1.0,MATCH(K37,sheathing,0),0)*IF(D37="yes",2,1))} -> 0 | F37: {=IF(K37=0,0,INDEX(sw2.0,MATCH(K37,sheathing,0),0)*IF(D37="yes",2,1))} -> 0 | G37: {=IF(K37=0,0,INDEX(sw2.8,MATCH(K37,sheathing,0),0)*IF(D37="yes",2,1))} -> 0 | H37: {=IF(K37=0,0,INDEX(sw0.8,MATCH(K37,sheathing,0),0)*IF(D37="yes",2,1))} -> 0 | I37: {=IF(K37=0,0,INDEX(sw0.5,MATCH(K37,sheathing,0),0)*IF(D37="yes",2,1))} -> 0 | J37: {=IF(K37=0,0,INDEX(ga_osb,MATCH(K37,sheathing,0),0)*IF(D37="yes",2,1))} -> 0
C38: 39 | D38: NO | E38: {=IF(K38=0,0,INDEX(sw1.0,MATCH(K38,sheathing,0),0)*IF(D38="yes",2,1))} -> 0 | F38: {=IF(K38=0,0,INDEX(sw2.0,MATCH(K38,sheathing,0),0)*IF(D38="yes",2,1))} -> 0 | G38: {=IF(K38=0,0,INDEX(sw2.8,MATCH(K38,sheathing,0),0)*IF(D38="yes",2,1))} -> 0 | H38: {=IF(K38=0,0,INDEX(sw0.8,MATCH(K38,sheathing,0),0)*IF(D38="yes",2,1))} -> 0 | I38: {=IF(K38=0,0,INDEX(sw0.5,MATCH(K38,sheathing,0),0)*IF(D38="yes",2,1))} -> 0 | J38: {=IF(K38=0,0,INDEX(ga_osb,MATCH(K38,sheathing,0),0)*IF(D38="yes",2,1))} -> 0
B40: Holdown | C40: Mark | D40: Double? | E40: HD Cap | F40: AB Mid | G40: AB Corner | H40: AB End | I40: 2x4 Post | J40: 2x6 Post | K40: Slip | L40: Total Offset | M40: Req AB Dia | N40: AB Dia | O40: AB f'c | P40: AB F | Q40: AB le/de | R40: AB SDC | S40: Condition | T40: 0.92 sw | V40: Holdown | W40: Anchor
C41: A | D41: NO | E41: {=IF(V41=0,0,IF(D41="YES",2,1)*INDEX(IF(OR(Sheet2!$C$12=Lists!$B$25,Sheet2!$C$12=Lists!$B$26,Sheet2!$C$12=Lists!$B$27,Sheet2!$C$12=Lists!$B$28,Sheet2!$C$12=Lists!$B$33,Sheet2!$C$12=Lists!$B$34,Sheet2!$C$12=Lists!$B$35,Sheet2!$C$12=Lists!$B$36),hdt_dfsp,hdt_spfhf),MATCH(V41,holdown,0),0))} -> 2145 | F41: {=IF(W41=0,0,INDEX(abt_mid,MATCH(W41,anchor,0),0))} -> 4270 | G41: {=IF(W41=0,0,INDEX(abt_corner,MATCH(W41,anchor,0),0))} -> 0 | H41: {=IF(W41=0,0,INDEX(abt_end,MATCH(W41,anchor,0),0))} -> 0 | I41: {=IF(V41=0,0,INDEX(post24,MATCH(V41,holdown,0),0))} -> 2-2x4 | J41: {=IF(V41=0,0,INDEX(post26,MATCH(V41,holdown,0),0))} -> 2-2x6 | K41: {=IF(V41=0,0,INDEX(hdslip,MATCH(V41,holdown,0),0))} -> 0.128 | L41: {=IF(V41=0,0,INDEX(hdoffset,MATCH(V41,holdown,0),0))} -> 3.8125 | M41: {=IF(V41=0,0,INDEX(ab_dia_req,MATCH(V41,holdown,0),0))} -> 0.5 | N41: {=IF(W41=0,0,INDEX(ab_dia_act,MATCH(W41,anchor,0),0))} -> 0.5 | O41: {=IF(W41=0,0,INDEX(ab_fc,MATCH(W41,anchor,0),0))} -> 2500 | P41: {=IF(W41=0,0,INDEX(ab_F,MATCH(W41,anchor,0),0))} -> 8 | Q41: {=IF(W41=0,0,INDEX(ab_lede,MATCH(W41,anchor,0),0))} -> 4.5 | R41: {=IF(W41=0,0,INDEX(ab_sdc,MATCH(W41,anchor,0),0))} -> AB | S41: {=IF(W41=0,0,INDEX(ab_condition,MATCH(W41,anchor,0),0))} -> footing | T41: {=IF(V41=0,0,INDEX(sw0.92,MATCH(V41,holdown,0),0))} -> YES | V41: DTT2Z-SDS2.5 | W41: PAB4 (a) | Y41: =IF(V41=0,"",IF(AND(OR(R41=$B$4,R41=0),OR(O41=$B$9,O41=0),OR(N41=M41,N41=0),OR(F41=0,F41>E41,G41>E41,H41>E41)),"OK!","REVISE HD+AB")) -> OK!
C42: B | D42: NO | E42: {=IF(V42=0,0,IF(D42="YES",2,1)*INDEX(IF(OR(Sheet2!$C$12=Lists!$B$25,Sheet2!$C$12=Lists!$B$26,Sheet2!$C$12=Lists!$B$27,Sheet2!$C$12=Lists!$B$28,Sheet2!$C$12=Lists!$B$33,Sheet2!$C$12=Lists!$B$34,Sheet2!$C$12=Lists!$B$35,Sheet2!$C$12=Lists!$B$36),hdt_dfsp,hdt_spfhf),MATCH(V42,holdown,0),0))} -> 3790 | F42: {=IF(W42=0,0,INDEX(abt_mid,MATCH(W42,anchor,0),0))} -> 5535 | G42: {=IF(W42=0,0,INDEX(abt_corner,MATCH(W42,anchor,0),0))} -> 0 | H42: {=IF(W42=0,0,INDEX(abt_end,MATCH(W42,anchor,0),0))} -> 0 | I42: {=IF(V42=0,0,INDEX(post24,MATCH(V42,holdown,0),0))} -> 2-2x4 | J42: {=IF(V42=0,0,INDEX(post26,MATCH(V42,holdown,0),0))} -> 2-2x6 | K42: {=IF(V42=0,0,INDEX(hdslip,MATCH(V42,holdown,0),0))} -> 0.127 | L42: {=IF(V42=0,0,INDEX(hdoffset,MATCH(V42,holdown,0),0))} -> 4.375 | M42: {=IF(V42=0,0,INDEX(ab_dia_req,MATCH(V42,holdown,0),0))} -> 0.625 | N42: {=IF(W42=0,0,INDEX(ab_dia_act,MATCH(W42,anchor,0),0))} -> 0.625 | O42: {=IF(W42=0,0,INDEX(ab_fc,MATCH(W42,anchor,0),0))} -> 2500 | P42: {=IF(W42=0,0,INDEX(ab_F,MATCH(W42,anchor,0),0))} -> 4 | Q42: {=IF(W42=0,0,INDEX(ab_lede,MATCH(W42,anchor,0),0))} -> 7.5 | R42: {=IF(W42=0,0,INDEX(ab_sdc,MATCH(W42,anchor,0),0))} -> AB | S42: {=IF(W42=0,0,INDEX(ab_condition,MATCH(W42,anchor,0),0))} -> footing | T42: {=IF(V42=0,0,INDEX(sw0.92,MATCH(V42,holdown,0),0))} -> YES | V42: HDUE3-SDS3 | W42: PAB5 (a) | Y42: =IF(V42=0,"",IF(AND(OR(R42=$B$4,R42=0),OR(O42=$B$9,O42=0),OR(N42=M42,N42=0),OR(F42=0,F42>E42,G42>E42,H42>E42)),"OK!","REVISE HD+AB")) -> OK!
C43: C | D43: NO | E43: {=IF(V43=0,0,IF(D43="YES",2,1)*INDEX(IF(OR(Sheet2!$C$12=Lists!$B$25,Sheet2!$C$12=Lists!$B$26,Sheet2!$C$12=Lists!$B$27,Sheet2!$C$12=Lists!$B$28,Sheet2!$C$12=Lists!$B$33,Sheet2!$C$12=Lists!$B$34,Sheet2!$C$12=Lists!$B$35,Sheet2!$C$12=Lists!$B$36),hdt_dfsp,hdt_spfhf),MATCH(V43,holdown,0),0))} -> 5375 | F43: {=IF(W43=0,0,INDEX(abt_mid,MATCH(W43,anchor,0),0))} -> 5535 | G43: {=IF(W43=0,0,INDEX(abt_corner,MATCH(W43,anchor,0),0))} -> 0 | H43: {=IF(W43=0,0,INDEX(abt_end,MATCH(W43,anchor,0),0))} -> 0 | I43: {=IF(V43=0,0,INDEX(post24,MATCH(V43,holdown,0),0))} -> 2-2x4 | J43: {=IF(V43=0,0,INDEX(post26,MATCH(V43,holdown,0),0))} -> 2-2x6 | K43: {=IF(V43=0,0,INDEX(hdslip,MATCH(V43,holdown,0),0))} -> 0.146 | L43: {=IF(V43=0,0,INDEX(hdoffset,MATCH(V43,holdown,0),0))} -> 4.375 | M43: {=IF(V43=0,0,INDEX(ab_dia_req,MATCH(V43,holdown,0),0))} -> 0.625 | N43: {=IF(W43=0,0,INDEX(ab_dia_act,MATCH(W43,anchor,0),0))} -> 0.625 | O43: {=IF(W43=0,0,INDEX(ab_fc,MATCH(W43,anchor,0),0))} -> 2500 | P43: {=IF(W43=0,0,INDEX(ab_F,MATCH(W43,anchor,0),0))} -> 4 | Q43: {=IF(W43=0,0,INDEX(ab_lede,MATCH(W43,anchor,0),0))} -> 7.5 | R43: {=IF(W43=0,0,INDEX(ab_sdc,MATCH(W43,anchor,0),0))} -> AB | S43: {=IF(W43=0,0,INDEX(ab_condition,MATCH(W43,anchor,0),0))} -> footing | T43: {=IF(V43=0,0,INDEX(sw0.92,MATCH(V43,holdown,0),0))} -> YES | V43: HDUE5-SDS3 | W43: PAB5 (a) | Y43: =IF(V43=0,"",IF(AND(OR(R43=$B$4,R43=0),OR(O43=$B$9,O43=0),OR(N43=M43,N43=0),OR(F43=0,F43>E43,G43>E43,H43>E43)),"OK!","REVISE HD+AB")) -> OK!
C44: D | D44: NO | E44: {=IF(V44=0,0,IF(D44="YES",2,1)*INDEX(IF(OR(Sheet2!$C$12=Lists!$B$25,Sheet2!$C$12=Lists!$B$26,Sheet2!$C$12=Lists!$B$27,Sheet2!$C$12=Lists!$B$28,Sheet2!$C$12=Lists!$B$33,Sheet2!$C$12=Lists!$B$34,Sheet2!$C$12=Lists!$B$35,Sheet2!$C$12=Lists!$B$36),hdt_dfsp,hdt_spfhf),MATCH(V44,holdown,0),0))} -> 1030 | F44: {=IF(W44=0,0,INDEX(abt_mid,MATCH(W44,anchor,0),0))} -> 0 | G44: {=IF(W44=0,0,INDEX(abt_corner,MATCH(W44,anchor,0),0))} -> 0 | H44: {=IF(W44=0,0,INDEX(abt_end,MATCH(W44,anchor,0),0))} -> 0 | I44: {=IF(V44=0,0,INDEX(post24,MATCH(V44,holdown,0),0))} -> 2x4 | J44: {=IF(V44=0,0,INDEX(post26,MATCH(V44,holdown,0),0))} -> 2x6 | K44: {=IF(V44=0,0,INDEX(hdslip,MATCH(V44,holdown,0),0))} -> 0 | L44: {=IF(V44=0,0,INDEX(hdoffset,MATCH(V44,holdown,0),0))} -> 0.75 | M44: {=IF(V44=0,0,INDEX(ab_dia_req,MATCH(V44,holdown,0),0))} -> 14-0.148x2.5 @9 | N44: {=IF(W44=0,0,INDEX(ab_dia_act,MATCH(W44,anchor,0),0))} -> 0 | O44: {=IF(W44=0,0,INDEX(ab_fc,MATCH(W44,anchor,0),0))} -> 0 | P44: {=IF(W44=0,0,INDEX(ab_F,MATCH(W44,anchor,0),0))} -> 0 | Q44: {=IF(W44=0,0,INDEX(ab_lede,MATCH(W44,anchor,0),0))} -> 0 | R44: {=IF(W44=0,0,INDEX(ab_sdc,MATCH(W44,anchor,0),0))} -> 0 | S44: {=IF(W44=0,0,INDEX(ab_condition,MATCH(W44,anchor,0),0))} -> 0 | T44: {=IF(V44=0,0,INDEX(sw0.92,MATCH(V44,holdown,0),0))} -> NO | V44: CS20 (a) | Y44: =IF(V44=0,"",IF(AND(OR(R44=$B$4,R44=0),OR(O44=$B$9,O44=0),OR(N44=M44,N44=0),OR(F44=0,F44>E44,G44>E44,H44>E44)),"OK!","REVISE HD+AB")) -> OK!
C45: E | D45: NO | E45: {=IF(V45=0,0,IF(D45="YES",2,1)*INDEX(IF(OR(Sheet2!$C$12=Lists!$B$25,Sheet2!$C$12=Lists!$B$26,Sheet2!$C$12=Lists!$B$27,Sheet2!$C$12=Lists!$B$28,Sheet2!$C$12=Lists!$B$33,Sheet2!$C$12=Lists!$B$34,Sheet2!$C$12=Lists!$B$35,Sheet2!$C$12=Lists!$B$36),hdt_dfsp,hdt_spfhf),MATCH(V45,holdown,0),0))} -> 0 | F45: {=IF(W45=0,0,INDEX(abt_mid,MATCH(W45,anchor,0),0))} -> 0 | G45: {=IF(W45=0,0,INDEX(abt_corner,MATCH(W45,anchor,0),0))} -> 0 | H45: {=IF(W45=0,0,INDEX(abt_end,MATCH(W45,anchor,0),0))} -> 0 | I45: {=IF(V45=0,0,INDEX(post24,MATCH(V45,holdown,0),0))} -> 0 | J45: {=IF(V45=0,0,INDEX(post26,MATCH(V45,holdown,0),0))} -> 0 | K45: {=IF(V45=0,0,INDEX(hdslip,MATCH(V45,holdown,0),0))} -> 0 | L45: {=IF(V45=0,0,INDEX(hdoffset,MATCH(V45,holdown,0),0))} -> 0 | M45: {=IF(V45=0,0,INDEX(ab_dia_req,MATCH(V45,holdown,0),0))} -> 0 | N45: {=IF(W45=0,0,INDEX(ab_dia_act,MATCH(W45,anchor,0),0))} -> 0 | O45: {=IF(W45=0,0,INDEX(ab_fc,MATCH(W45,anchor,0),0))} -> 0 | P45: {=IF(W45=0,0,INDEX(ab_F,MATCH(W45,anchor,0),0))} -> 0 | Q45: {=IF(W45=0,0,INDEX(ab_lede,MATCH(W45,anchor,0),0))} -> 0 | R45: {=IF(W45=0,0,INDEX(ab_sdc,MATCH(W45,anchor,0),0))} -> 0 | S45: {=IF(W45=0,0,INDEX(ab_condition,MATCH(W45,anchor,0),0))} -> 0 | T45: {=IF(V45=0,0,INDEX(sw0.92,MATCH(V45,holdown,0),0))} -> 0 | Y45: =IF(V45=0,"",IF(AND(OR(R45=$B$4,R45=0),OR(O45=$B$9,O45=0),OR(N45=M45,N45=0),OR(F45=0,F45>E45,G45>E45,H45>E45)),"OK!","REVISE HD+AB"))
C46: F | D46: NO | E46: {=IF(V46=0,0,IF(D46="YES",2,1)*INDEX(IF(OR(Sheet2!$C$12=Lists!$B$25,Sheet2!$C$12=Lists!$B$26,Sheet2!$C$12=Lists!$B$27,Sheet2!$C$12=Lists!$B$28,Sheet2!$C$12=Lists!$B$33,Sheet2!$C$12=Lists!$B$34,Sheet2!$C$12=Lists!$B$35,Sheet2!$C$12=Lists!$B$36),hdt_dfsp,hdt_spfhf),MATCH(V46,holdown,0),0))} -> 0 | F46: {=IF(W46=0,0,INDEX(abt_mid,MATCH(W46,anchor,0),0))} -> 0 | G46: {=IF(W46=0,0,INDEX(abt_corner,MATCH(W46,anchor,0),0))} -> 0 | H46: {=IF(W46=0,0,INDEX(abt_end,MATCH(W46,anchor,0),0))} -> 0 | I46: {=IF(V46=0,0,INDEX(post24,MATCH(V46,holdown,0),0))} -> 0 | J46: {=IF(V46=0,0,INDEX(post26,MATCH(V46,holdown,0),0))} -> 0 | K46: {=IF(V46=0,0,INDEX(hdslip,MATCH(V46,holdown,0),0))} -> 0 | L46: {=IF(V46=0,0,INDEX(hdoffset,MATCH(V46,holdown,0),0))} -> 0 | M46: {=IF(V46=0,0,INDEX(ab_dia_req,MATCH(V46,holdown,0),0))} -> 0 | N46: {=IF(W46=0,0,INDEX(ab_dia_act,MATCH(W46,anchor,0),0))} -> 0 | O46: {=IF(W46=0,0,INDEX(ab_fc,MATCH(W46,anchor,0),0))} -> 0 | P46: {=IF(W46=0,0,INDEX(ab_F,MATCH(W46,anchor,0),0))} -> 0 | Q46: {=IF(W46=0,0,INDEX(ab_lede,MATCH(W46,anchor,0),0))} -> 0 | R46: {=IF(W46=0,0,INDEX(ab_sdc,MATCH(W46,anchor,0),0))} -> 0 | S46: {=IF(W46=0,0,INDEX(ab_condition,MATCH(W46,anchor,0),0))} -> 0 | T46: {=IF(V46=0,0,INDEX(sw0.92,MATCH(V46,holdown,0),0))} -> 0 | Y46: =IF(V46=0,"",IF(AND(OR(R46=$B$4,R46=0),OR(O46=$B$9,O46=0),OR(N46=M46,N46=0),OR(F46=0,F46>E46,G46>E46,H46>E46)),"OK!","REVISE HD+AB"))
C47: G | D47: NO | E47: {=IF(V47=0,0,IF(D47="YES",2,1)*INDEX(IF(OR(Sheet2!$C$12=Lists!$B$25,Sheet2!$C$12=Lists!$B$26,Sheet2!$C$12=Lists!$B$27,Sheet2!$C$12=Lists!$B$28,Sheet2!$C$12=Lists!$B$33,Sheet2!$C$12=Lists!$B$34,Sheet2!$C$12=Lists!$B$35,Sheet2!$C$12=Lists!$B$36),hdt_dfsp,hdt_spfhf),MATCH(V47,holdown,0),0))} -> 0 | F47: {=IF(W47=0,0,INDEX(abt_mid,MATCH(W47,anchor,0),0))} -> 0 | G47: {=IF(W47=0,0,INDEX(abt_corner,MATCH(W47,anchor,0),0))} -> 0 | H47: {=IF(W47=0,0,INDEX(abt_end,MATCH(W47,anchor,0),0))} -> 0 | I47: {=IF(V47=0,0,INDEX(post24,MATCH(V47,holdown,0),0))} -> 0 | J47: {=IF(V47=0,0,INDEX(post26,MATCH(V47,holdown,0),0))} -> 0 | K47: {=IF(V47=0,0,INDEX(hdslip,MATCH(V47,holdown,0),0))} -> 0 | L47: {=IF(V47=0,0,INDEX(hdoffset,MATCH(V47,holdown,0),0))} -> 0 | M47: {=IF(V47=0,0,INDEX(ab_dia_req,MATCH(V47,holdown,0),0))} -> 0 | N47: {=IF(W47=0,0,INDEX(ab_dia_act,MATCH(W47,anchor,0),0))} -> 0 | O47: {=IF(W47=0,0,INDEX(ab_fc,MATCH(W47,anchor,0),0))} -> 0 | P47: {=IF(W47=0,0,INDEX(ab_F,MATCH(W47,anchor,0),0))} -> 0 | Q47: {=IF(W47=0,0,INDEX(ab_lede,MATCH(W47,anchor,0),0))} -> 0 | R47: {=IF(W47=0,0,INDEX(ab_sdc,MATCH(W47,anchor,0),0))} -> 0 | S47: {=IF(W47=0,0,INDEX(ab_condition,MATCH(W47,anchor,0),0))} -> 0 | T47: {=IF(V47=0,0,INDEX(sw0.92,MATCH(V47,holdown,0),0))} -> 0 | Y47: =IF(V47=0,"",IF(AND(OR(R47=$B$4,R47=0),OR(O47=$B$9,O47=0),OR(N47=M47,N47=0),OR(F47=0,F47>E47,G47>E47,H47>E47)),"OK!","REVISE HD+AB"))
C48: H | D48: NO | E48: {=IF(V48=0,0,IF(D48="YES",2,1)*INDEX(IF(OR(Sheet2!$C$12=Lists!$B$25,Sheet2!$C$12=Lists!$B$26,Sheet2!$C$12=Lists!$B$27,Sheet2!$C$12=Lists!$B$28,Sheet2!$C$12=Lists!$B$33,Sheet2!$C$12=Lists!$B$34,Sheet2!$C$12=Lists!$B$35,Sheet2!$C$12=Lists!$B$36),hdt_dfsp,hdt_spfhf),MATCH(V48,holdown,0),0))} -> 0 | F48: {=IF(W48=0,0,INDEX(abt_mid,MATCH(W48,anchor,0),0))} -> 0 | G48: {=IF(W48=0,0,INDEX(abt_corner,MATCH(W48,anchor,0),0))} -> 0 | H48: {=IF(W48=0,0,INDEX(abt_end,MATCH(W48,anchor,0),0))} -> 0 | I48: {=IF(V48=0,0,INDEX(post24,MATCH(V48,holdown,0),0))} -> 0 | J48: {=IF(V48=0,0,INDEX(post26,MATCH(V48,holdown,0),0))} -> 0 | K48: {=IF(V48=0,0,INDEX(hdslip,MATCH(V48,holdown,0),0))} -> 0 | L48: {=IF(V48=0,0,INDEX(hdoffset,MATCH(V48,holdown,0),0))} -> 0 | M48: {=IF(V48=0,0,INDEX(ab_dia_req,MATCH(V48,holdown,0),0))} -> 0 | N48: {=IF(W48=0,0,INDEX(ab_dia_act,MATCH(W48,anchor,0),0))} -> 0 | O48: {=IF(W48=0,0,INDEX(ab_fc,MATCH(W48,anchor,0),0))} -> 0 | P48: {=IF(W48=0,0,INDEX(ab_F,MATCH(W48,anchor,0),0))} -> 0 | Q48: {=IF(W48=0,0,INDEX(ab_lede,MATCH(W48,anchor,0),0))} -> 0 | R48: {=IF(W48=0,0,INDEX(ab_sdc,MATCH(W48,anchor,0),0))} -> 0 | S48: {=IF(W48=0,0,INDEX(ab_condition,MATCH(W48,anchor,0),0))} -> 0 | T48: {=IF(V48=0,0,INDEX(sw0.92,MATCH(V48,holdown,0),0))} -> 0 | Y48: =IF(V48=0,"",IF(AND(OR(R48=$B$4,R48=0),OR(O48=$B$9,O48=0),OR(N48=M48,N48=0),OR(F48=0,F48>E48,G48>E48,H48>E48)),"OK!","REVISE HD+AB"))
C49: I | D49: NO | E49: {=IF(V49=0,0,IF(D49="YES",2,1)*INDEX(IF(OR(Sheet2!$C$12=Lists!$B$25,Sheet2!$C$12=Lists!$B$26,Sheet2!$C$12=Lists!$B$27,Sheet2!$C$12=Lists!$B$28,Sheet2!$C$12=Lists!$B$33,Sheet2!$C$12=Lists!$B$34,Sheet2!$C$12=Lists!$B$35,Sheet2!$C$12=Lists!$B$36),hdt_dfsp,hdt_spfhf),MATCH(V49,holdown,0),0))} -> 0 | F49: {=IF(W49=0,0,INDEX(abt_mid,MATCH(W49,anchor,0),0))} -> 0 | G49: {=IF(W49=0,0,INDEX(abt_corner,MATCH(W49,anchor,0),0))} -> 0 | H49: {=IF(W49=0,0,INDEX(abt_end,MATCH(W49,anchor,0),0))} -> 0 | I49: {=IF(V49=0,0,INDEX(post24,MATCH(V49,holdown,0),0))} -> 0 | J49: {=IF(V49=0,0,INDEX(post26,MATCH(V49,holdown,0),0))} -> 0 | K49: {=IF(V49=0,0,INDEX(hdslip,MATCH(V49,holdown,0),0))} -> 0 | L49: {=IF(V49=0,0,INDEX(hdoffset,MATCH(V49,holdown,0),0))} -> 0 | M49: {=IF(V49=0,0,INDEX(ab_dia_req,MATCH(V49,holdown,0),0))} -> 0 | N49: {=IF(W49=0,0,INDEX(ab_dia_act,MATCH(W49,anchor,0),0))} -> 0 | O49: {=IF(W49=0,0,INDEX(ab_fc,MATCH(W49,anchor,0),0))} -> 0 | P49: {=IF(W49=0,0,INDEX(ab_F,MATCH(W49,anchor,0),0))} -> 0 | Q49: {=IF(W49=0,0,INDEX(ab_lede,MATCH(W49,anchor,0),0))} -> 0 | R49: {=IF(W49=0,0,INDEX(ab_sdc,MATCH(W49,anchor,0),0))} -> 0 | S49: {=IF(W49=0,0,INDEX(ab_condition,MATCH(W49,anchor,0),0))} -> 0 | T49: {=IF(V49=0,0,INDEX(sw0.92,MATCH(V49,holdown,0),0))} -> 0 | Y49: =IF(V49=0,"",IF(AND(OR(R49=$B$4,R49=0),OR(O49=$B$9,O49=0),OR(N49=M49,N49=0),OR(F49=0,F49>E49,G49>E49,H49>E49)),"OK!","REVISE HD+AB"))
C50: J | D50: NO | E50: {=IF(V50=0,0,IF(D50="YES",2,1)*INDEX(IF(OR(Sheet2!$C$12=Lists!$B$25,Sheet2!$C$12=Lists!$B$26,Sheet2!$C$12=Lists!$B$27,Sheet2!$C$12=Lists!$B$28,Sheet2!$C$12=Lists!$B$33,Sheet2!$C$12=Lists!$B$34,Sheet2!$C$12=Lists!$B$35,Sheet2!$C$12=Lists!$B$36),hdt_dfsp,hdt_spfhf),MATCH(V50,holdown,0),0))} -> 0 | F50: {=IF(W50=0,0,INDEX(abt_mid,MATCH(W50,anchor,0),0))} -> 0 | G50: {=IF(W50=0,0,INDEX(abt_corner,MATCH(W50,anchor,0),0))} -> 0 | H50: {=IF(W50=0,0,INDEX(abt_end,MATCH(W50,anchor,0),0))} -> 0 | I50: {=IF(V50=0,0,INDEX(post24,MATCH(V50,holdown,0),0))} -> 0 | J50: {=IF(V50=0,0,INDEX(post26,MATCH(V50,holdown,0),0))} -> 0 | K50: {=IF(V50=0,0,INDEX(hdslip,MATCH(V50,holdown,0),0))} -> 0 | L50: {=IF(V50=0,0,INDEX(hdoffset,MATCH(V50,holdown,0),0))} -> 0 | M50: {=IF(V50=0,0,INDEX(ab_dia_req,MATCH(V50,holdown,0),0))} -> 0 | N50: {=IF(W50=0,0,INDEX(ab_dia_act,MATCH(W50,anchor,0),0))} -> 0 | O50: {=IF(W50=0,0,INDEX(ab_fc,MATCH(W50,anchor,0),0))} -> 0 | P50: {=IF(W50=0,0,INDEX(ab_F,MATCH(W50,anchor,0),0))} -> 0 | Q50: {=IF(W50=0,0,INDEX(ab_lede,MATCH(W50,anchor,0),0))} -> 0 | R50: {=IF(W50=0,0,INDEX(ab_sdc,MATCH(W50,anchor,0),0))} -> 0 | S50: {=IF(W50=0,0,INDEX(ab_condition,MATCH(W50,anchor,0),0))} -> 0 | T50: {=IF(V50=0,0,INDEX(sw0.92,MATCH(V50,holdown,0),0))} -> 0 | Y50: =IF(V50=0,"",IF(AND(OR(R50=$B$4,R50=0),OR(O50=$B$9,O50=0),OR(N50=M50,N50=0),OR(F50=0,F50>E50,G50>E50,H50>E50)),"OK!","REVISE HD+AB"))
C51: K | D51: NO | E51: {=IF(V51=0,0,IF(D51="YES",2,1)*INDEX(IF(OR(Sheet2!$C$12=Lists!$B$25,Sheet2!$C$12=Lists!$B$26,Sheet2!$C$12=Lists!$B$27,Sheet2!$C$12=Lists!$B$28,Sheet2!$C$12=Lists!$B$33,Sheet2!$C$12=Lists!$B$34,Sheet2!$C$12=Lists!$B$35,Sheet2!$C$12=Lists!$B$36),hdt_dfsp,hdt_spfhf),MATCH(V51,holdown,0),0))} -> 0 | F51: {=IF(W51=0,0,INDEX(abt_mid,MATCH(W51,anchor,0),0))} -> 0 | G51: {=IF(W51=0,0,INDEX(abt_corner,MATCH(W51,anchor,0),0))} -> 0 | H51: {=IF(W51=0,0,INDEX(abt_end,MATCH(W51,anchor,0),0))} -> 0 | I51: {=IF(V51=0,0,INDEX(post24,MATCH(V51,holdown,0),0))} -> 0 | J51: {=IF(V51=0,0,INDEX(post26,MATCH(V51,holdown,0),0))} -> 0 | K51: {=IF(V51=0,0,INDEX(hdslip,MATCH(V51,holdown,0),0))} -> 0 | L51: {=IF(V51=0,0,INDEX(hdoffset,MATCH(V51,holdown,0),0))} -> 0 | M51: {=IF(V51=0,0,INDEX(ab_dia_req,MATCH(V51,holdown,0),0))} -> 0 | N51: {=IF(W51=0,0,INDEX(ab_dia_act,MATCH(W51,anchor,0),0))} -> 0 | O51: {=IF(W51=0,0,INDEX(ab_fc,MATCH(W51,anchor,0),0))} -> 0 | P51: {=IF(W51=0,0,INDEX(ab_F,MATCH(W51,anchor,0),0))} -> 0 | Q51: {=IF(W51=0,0,INDEX(ab_lede,MATCH(W51,anchor,0),0))} -> 0 | R51: {=IF(W51=0,0,INDEX(ab_sdc,MATCH(W51,anchor,0),0))} -> 0 | S51: {=IF(W51=0,0,INDEX(ab_condition,MATCH(W51,anchor,0),0))} -> 0 | T51: {=IF(V51=0,0,INDEX(sw0.92,MATCH(V51,holdown,0),0))} -> 0 | Y51: =IF(V51=0,"",IF(AND(OR(R51=$B$4,R51=0),OR(O51=$B$9,O51=0),OR(N51=M51,N51=0),OR(F51=0,F51>E51,G51>E51,H51>E51)),"OK!","REVISE HD+AB"))
C52: L | D52: NO | E52: {=IF(V52=0,0,IF(D52="YES",2,1)*INDEX(IF(OR(Sheet2!$C$12=Lists!$B$25,Sheet2!$C$12=Lists!$B$26,Sheet2!$C$12=Lists!$B$27,Sheet2!$C$12=Lists!$B$28,Sheet2!$C$12=Lists!$B$33,Sheet2!$C$12=Lists!$B$34,Sheet2!$C$12=Lists!$B$35,Sheet2!$C$12=Lists!$B$36),hdt_dfsp,hdt_spfhf),MATCH(V52,holdown,0),0))} -> 0 | F52: {=IF(W52=0,0,INDEX(abt_mid,MATCH(W52,anchor,0),0))} -> 0 | G52: {=IF(W52=0,0,INDEX(abt_corner,MATCH(W52,anchor,0),0))} -> 0 | H52: {=IF(W52=0,0,INDEX(abt_end,MATCH(W52,anchor,0),0))} -> 0 | I52: {=IF(V52=0,0,INDEX(post24,MATCH(V52,holdown,0),0))} -> 0 | J52: {=IF(V52=0,0,INDEX(post26,MATCH(V52,holdown,0),0))} -> 0 | K52: {=IF(V52=0,0,INDEX(hdslip,MATCH(V52,holdown,0),0))} -> 0 | L52: {=IF(V52=0,0,INDEX(hdoffset,MATCH(V52,holdown,0),0))} -> 0 | M52: {=IF(V52=0,0,INDEX(ab_dia_req,MATCH(V52,holdown,0),0))} -> 0 | N52: {=IF(W52=0,0,INDEX(ab_dia_act,MATCH(W52,anchor,0),0))} -> 0 | O52: {=IF(W52=0,0,INDEX(ab_fc,MATCH(W52,anchor,0),0))} -> 0 | P52: {=IF(W52=0,0,INDEX(ab_F,MATCH(W52,anchor,0),0))} -> 0 | Q52: {=IF(W52=0,0,INDEX(ab_lede,MATCH(W52,anchor,0),0))} -> 0 | R52: {=IF(W52=0,0,INDEX(ab_sdc,MATCH(W52,anchor,0),0))} -> 0 | S52: {=IF(W52=0,0,INDEX(ab_condition,MATCH(W52,anchor,0),0))} -> 0 | T52: {=IF(V52=0,0,INDEX(sw0.92,MATCH(V52,holdown,0),0))} -> 0 | Y52: =IF(V52=0,"",IF(AND(OR(R52=$B$4,R52=0),OR(O52=$B$9,O52=0),OR(N52=M52,N52=0),OR(F52=0,F52>E52,G52>E52,H52>E52)),"OK!","REVISE HD+AB"))
C53: M | D53: NO | E53: {=IF(V53=0,0,IF(D53="YES",2,1)*INDEX(IF(OR(Sheet2!$C$12=Lists!$B$25,Sheet2!$C$12=Lists!$B$26,Sheet2!$C$12=Lists!$B$27,Sheet2!$C$12=Lists!$B$28,Sheet2!$C$12=Lists!$B$33,Sheet2!$C$12=Lists!$B$34,Sheet2!$C$12=Lists!$B$35,Sheet2!$C$12=Lists!$B$36),hdt_dfsp,hdt_spfhf),MATCH(V53,holdown,0),0))} -> 0 | F53: {=IF(W53=0,0,INDEX(abt_mid,MATCH(W53,anchor,0),0))} -> 0 | G53: {=IF(W53=0,0,INDEX(abt_corner,MATCH(W53,anchor,0),0))} -> 0 | H53: {=IF(W53=0,0,INDEX(abt_end,MATCH(W53,anchor,0),0))} -> 0 | I53: {=IF(V53=0,0,INDEX(post24,MATCH(V53,holdown,0),0))} -> 0 | J53: {=IF(V53=0,0,INDEX(post26,MATCH(V53,holdown,0),0))} -> 0 | K53: {=IF(V53=0,0,INDEX(hdslip,MATCH(V53,holdown,0),0))} -> 0 | L53: {=IF(V53=0,0,INDEX(hdoffset,MATCH(V53,holdown,0),0))} -> 0 | M53: {=IF(V53=0,0,INDEX(ab_dia_req,MATCH(V53,holdown,0),0))} -> 0 | N53: {=IF(W53=0,0,INDEX(ab_dia_act,MATCH(W53,anchor,0),0))} -> 0 | O53: {=IF(W53=0,0,INDEX(ab_fc,MATCH(W53,anchor,0),0))} -> 0 | P53: {=IF(W53=0,0,INDEX(ab_F,MATCH(W53,anchor,0),0))} -> 0 | Q53: {=IF(W53=0,0,INDEX(ab_lede,MATCH(W53,anchor,0),0))} -> 0 | R53: {=IF(W53=0,0,INDEX(ab_sdc,MATCH(W53,anchor,0),0))} -> 0 | S53: {=IF(W53=0,0,INDEX(ab_condition,MATCH(W53,anchor,0),0))} -> 0 | T53: {=IF(V53=0,0,INDEX(sw0.92,MATCH(V53,holdown,0),0))} -> 0 | Y53: =IF(V53=0,"",IF(AND(OR(R53=$B$4,R53=0),OR(O53=$B$9,O53=0),OR(N53=M53,N53=0),OR(F53=0,F53>E53,G53>E53,H53>E53)),"OK!","REVISE HD+AB"))
C54: N | D54: NO | E54: {=IF(V54=0,0,IF(D54="YES",2,1)*INDEX(IF(OR(Sheet2!$C$12=Lists!$B$25,Sheet2!$C$12=Lists!$B$26,Sheet2!$C$12=Lists!$B$27,Sheet2!$C$12=Lists!$B$28,Sheet2!$C$12=Lists!$B$33,Sheet2!$C$12=Lists!$B$34,Sheet2!$C$12=Lists!$B$35,Sheet2!$C$12=Lists!$B$36),hdt_dfsp,hdt_spfhf),MATCH(V54,holdown,0),0))} -> 0 | F54: {=IF(W54=0,0,INDEX(abt_mid,MATCH(W54,anchor,0),0))} -> 0 | G54: {=IF(W54=0,0,INDEX(abt_corner,MATCH(W54,anchor,0),0))} -> 0 | H54: {=IF(W54=0,0,INDEX(abt_end,MATCH(W54,anchor,0),0))} -> 0 | I54: {=IF(V54=0,0,INDEX(post24,MATCH(V54,holdown,0),0))} -> 0 | J54: {=IF(V54=0,0,INDEX(post26,MATCH(V54,holdown,0),0))} -> 0 | K54: {=IF(V54=0,0,INDEX(hdslip,MATCH(V54,holdown,0),0))} -> 0 | L54: {=IF(V54=0,0,INDEX(hdoffset,MATCH(V54,holdown,0),0))} -> 0 | M54: {=IF(V54=0,0,INDEX(ab_dia_req,MATCH(V54,holdown,0),0))} -> 0 | N54: {=IF(W54=0,0,INDEX(ab_dia_act,MATCH(W54,anchor,0),0))} -> 0 | O54: {=IF(W54=0,0,INDEX(ab_fc,MATCH(W54,anchor,0),0))} -> 0 | P54: {=IF(W54=0,0,INDEX(ab_F,MATCH(W54,anchor,0),0))} -> 0 | Q54: {=IF(W54=0,0,INDEX(ab_lede,MATCH(W54,anchor,0),0))} -> 0 | R54: {=IF(W54=0,0,INDEX(ab_sdc,MATCH(W54,anchor,0),0))} -> 0 | S54: {=IF(W54=0,0,INDEX(ab_condition,MATCH(W54,anchor,0),0))} -> 0 | T54: {=IF(V54=0,0,INDEX(sw0.92,MATCH(V54,holdown,0),0))} -> 0 | Y54: =IF(V54=0,"",IF(AND(OR(R54=$B$4,R54=0),OR(O54=$B$9,O54=0),OR(N54=M54,N54=0),OR(F54=0,F54>E54,G54>E54,H54>E54)),"OK!","REVISE HD+AB"))
C55: O | D55: NO | E55: {=IF(V55=0,0,IF(D55="YES",2,1)*INDEX(IF(OR(Sheet2!$C$12=Lists!$B$25,Sheet2!$C$12=Lists!$B$26,Sheet2!$C$12=Lists!$B$27,Sheet2!$C$12=Lists!$B$28,Sheet2!$C$12=Lists!$B$33,Sheet2!$C$12=Lists!$B$34,Sheet2!$C$12=Lists!$B$35,Sheet2!$C$12=Lists!$B$36),hdt_dfsp,hdt_spfhf),MATCH(V55,holdown,0),0))} -> 0 | F55: {=IF(W55=0,0,INDEX(abt_mid,MATCH(W55,anchor,0),0))} -> 0 | G55: {=IF(W55=0,0,INDEX(abt_corner,MATCH(W55,anchor,0),0))} -> 0 | H55: {=IF(W55=0,0,INDEX(abt_end,MATCH(W55,anchor,0),0))} -> 0 | I55: {=IF(V55=0,0,INDEX(post24,MATCH(V55,holdown,0),0))} -> 0 | J55: {=IF(V55=0,0,INDEX(post26,MATCH(V55,holdown,0),0))} -> 0 | K55: {=IF(V55=0,0,INDEX(hdslip,MATCH(V55,holdown,0),0))} -> 0 | L55: {=IF(V55=0,0,INDEX(hdoffset,MATCH(V55,holdown,0),0))} -> 0 | M55: {=IF(V55=0,0,INDEX(ab_dia_req,MATCH(V55,holdown,0),0))} -> 0 | N55: {=IF(W55=0,0,INDEX(ab_dia_act,MATCH(W55,anchor,0),0))} -> 0 | O55: {=IF(W55=0,0,INDEX(ab_fc,MATCH(W55,anchor,0),0))} -> 0 | P55: {=IF(W55=0,0,INDEX(ab_F,MATCH(W55,anchor,0),0))} -> 0 | Q55: {=IF(W55=0,0,INDEX(ab_lede,MATCH(W55,anchor,0),0))} -> 0 | R55: {=IF(W55=0,0,INDEX(ab_sdc,MATCH(W55,anchor,0),0))} -> 0 | S55: {=IF(W55=0,0,INDEX(ab_condition,MATCH(W55,anchor,0),0))} -> 0 | T55: {=IF(V55=0,0,INDEX(sw0.92,MATCH(V55,holdown,0),0))} -> 0 | Y55: =IF(V55=0,"",IF(AND(OR(R55=$B$4,R55=0),OR(O55=$B$9,O55=0),OR(N55=M55,N55=0),OR(F55=0,F55>E55,G55>E55,H55>E55)),"OK!","REVISE HD+AB"))
C56: P | D56: NO | E56: {=IF(V56=0,0,IF(D56="YES",2,1)*INDEX(IF(OR(Sheet2!$C$12=Lists!$B$25,Sheet2!$C$12=Lists!$B$26,Sheet2!$C$12=Lists!$B$27,Sheet2!$C$12=Lists!$B$28,Sheet2!$C$12=Lists!$B$33,Sheet2!$C$12=Lists!$B$34,Sheet2!$C$12=Lists!$B$35,Sheet2!$C$12=Lists!$B$36),hdt_dfsp,hdt_spfhf),MATCH(V56,holdown,0),0))} -> 0 | F56: {=IF(W56=0,0,INDEX(abt_mid,MATCH(W56,anchor,0),0))} -> 0 | G56: {=IF(W56=0,0,INDEX(abt_corner,MATCH(W56,anchor,0),0))} -> 0 | H56: {=IF(W56=0,0,INDEX(abt_end,MATCH(W56,anchor,0),0))} -> 0 | I56: {=IF(V56=0,0,INDEX(post24,MATCH(V56,holdown,0),0))} -> 0 | J56: {=IF(V56=0,0,INDEX(post26,MATCH(V56,holdown,0),0))} -> 0 | K56: {=IF(V56=0,0,INDEX(hdslip,MATCH(V56,holdown,0),0))} -> 0 | L56: {=IF(V56=0,0,INDEX(hdoffset,MATCH(V56,holdown,0),0))} -> 0 | M56: {=IF(V56=0,0,INDEX(ab_dia_req,MATCH(V56,holdown,0),0))} -> 0 | N56: {=IF(W56=0,0,INDEX(ab_dia_act,MATCH(W56,anchor,0),0))} -> 0 | O56: {=IF(W56=0,0,INDEX(ab_fc,MATCH(W56,anchor,0),0))} -> 0 | P56: {=IF(W56=0,0,INDEX(ab_F,MATCH(W56,anchor,0),0))} -> 0 | Q56: {=IF(W56=0,0,INDEX(ab_lede,MATCH(W56,anchor,0),0))} -> 0 | R56: {=IF(W56=0,0,INDEX(ab_sdc,MATCH(W56,anchor,0),0))} -> 0 | S56: {=IF(W56=0,0,INDEX(ab_condition,MATCH(W56,anchor,0),0))} -> 0 | T56: {=IF(V56=0,0,INDEX(sw0.92,MATCH(V56,holdown,0),0))} -> 0 | Y56: =IF(V56=0,"",IF(AND(OR(R56=$B$4,R56=0),OR(O56=$B$9,O56=0),OR(N56=M56,N56=0),OR(F56=0,F56>E56,G56>E56,H56>E56)),"OK!","REVISE HD+AB"))
... C66: Z | D66: NO | E66: {=IF(V66=0,0,IF(D66="YES",2,1)*INDEX(IF(OR(Sheet2!$C$12=Lists!$B$25,Sheet2!$C$12=Lists!$B$26,Sheet2!$C$12=Lists!$B$27,Sheet2!$C$12=Lists!$B$28,Sheet2!$C$12=Lists!$B$33,Sheet2!$C$12=Lists!$B$34,Sheet2!$C$12=Lists!$B$35,Sheet2!$C$12=Lists!$B$36),hdt_dfsp,hdt_spfhf),MATCH(V66,holdown,0),0))} -> 0 | F66: {=IF(W66=0,0,INDEX(abt_mid,MATCH(W66,anchor,0),0))} -> 0 | G66: {=IF(W66=0,0,INDEX(abt_corner,MATCH(W66,anchor,0),0))} -> 0 | H66: {=IF(W66=0,0,INDEX(abt_end,MATCH(W66,anchor,0),0))} -> 0 | I66: {=IF(V66=0,0,INDEX(post24,MATCH(V66,holdown,0),0))} -> 0 | J66: {=IF(V66=0,0,INDEX(post26,MATCH(V66,holdown,0),0))} -> 0 | K66: {=IF(V66=0,0,INDEX(hdslip,MATCH(V66,holdown,0),0))} -> 0 | L66: {=IF(V66=0,0,INDEX(hdoffset,MATCH(V66,holdown,0),0))} -> 0 | M66: {=IF(V66=0,0,INDEX(ab_dia_req,MATCH(V66,holdown,0),0))} -> 0 | N66: {=IF(W66=0,0,INDEX(ab_dia_act,MATCH(W66,anchor,0),0))} -> 0 | O66: {=IF(W66=0,0,INDEX(ab_fc,MATCH(W66,anchor,0),0))} -> 0 | P66: {=IF(W66=0,0,INDEX(ab_F,MATCH(W66,anchor,0),0))} -> 0 | Q66: {=IF(W66=0,0,INDEX(ab_lede,MATCH(W66,anchor,0),0))} -> 0 | R66: {=IF(W66=0,0,INDEX(ab_sdc,MATCH(W66,anchor,0),0))} -> 0 | S66: {=IF(W66=0,0,INDEX(ab_condition,MATCH(W66,anchor,0),0))} -> 0 | T66: {=IF(V66=0,0,INDEX(sw0.92,MATCH(V66,holdown,0),0))} -> 0 | Y66: =IF(V66=0,"",IF(AND(OR(R66=$B$4,R66=0),OR(O66=$B$9,O66=0),OR(N66=M66,N66=0),OR(F66=0,F66>E66,G66>E66,H66>E66)),"OK!","REVISE HD+AB"))

Sheet Sheet2
B2: Project Name
B3: Project Number
B4: Date
B6: Building Type
B7: Building Number
B9: Fire Rated Assembly
B10: Fire Retardant Treated Lumber
B12: Lumber Grade | C12: DFL #2 | F12: 1.0-(0.5-Ga) = | G12: =1-(0.5-Sheet1!#REF!) -> #REF!
B13: Single or Double Bot Plate | C13: single | P13: INDEX(ITEM PROPERTY,MATCH(ITEM SOURCE, ITEM LIST, 0),0)
B14: Floor Framing Depth | C14: 18
B15: Floor Sheathing Thickness | C15: 0.75 | E15: heal (in) | F15: low roof | G15: high roof | H15: avg (ft)
B16: Mean Roof Framing Depth | C16: =E16+H16*12 -> 32.4375 | E16: 24 | F16: =32+5.625/12 -> 32.46875 | G16: =33+10.5/12 -> 33.875 | H16: =(G16-F16)/2 -> 0.703125 | Q16: Line | R16: =$B$42 -> A | AT16: Line | AU16: =H42 -> 1
B17: Roof Framing Sheathing | C17: 0.5
R18: left | Z18: right | AH18: user add | AJ18: total | AU18: left | BC18: right | BK18: user add | BM18: total
B19: Heights | C19: ft | D19: in | E19: total | F19: stud | H19: MWFRS (1.0W) | J19: SFRS (1.0E) | R19: w 1.0W | S19: w 0.6W | T19: V 1.0W | U19: V 0.6W | V19: w 1.0E | W19: w 0.7E | X19: V 1.0E | Y19: V 0.7E | Z19: w 1.0W | AA19: w 0.6W | AB19: V 1.0W | AC19: V 0.6W | AD19: w 1.0E | AE19: w 0.7E | AF19: V 1.0E | AG19: V 0.7E | AH19: 1.0W | AI19: 1.0E | AJ19: V 1.0W | AK19: cumm | AL19: V 0.6W | AM19: cumm | AN19: V 1.0E | AO19: cumm | AP19: V 0.7E | AQ19: cumm | AU19: w 1.0W | AV19: w 0.6W | AW19: V 1.0W | AX19: V 0.6W | AY19: w 1.0E | AZ19: w 0.7E | BA19: V 1.0E | BB19: V 0.7E | BC19: w 1.0W | BD19: w 0.6W | BE19: V 1.0W | BF19: V 0.6W | BG19: w 1.0E | BH19: w 0.7E | BI19: V 1.0E | BJ19: V 0.7E | BK19: 1.0W | BL19: 1.0E | BM19: V 1.0W | BN19: cumm | BO19: V 0.6W | BP19: cumm | BQ19: V 1.0E | BR19: cumm | BS19: V 0.7E | BT19: cumm
B20: L1 | C20: 0 | D20: 0 | E20: =C20+D20/12 -> 0 | F20: 0 | H20: 0 | I20: plf | J20: 0 | K20: 0 | L20: 0 | M20: 0 | Q20: L1 | R20: =$H$20 -> 0 | S20: =R20*0.6 -> 0 | T20: =$C$42/2*R20 -> 0 | U20: =T20*0.6 -> 0 | V20: 0 | W20: =V20*0.7 -> 0 | X20: =$C$42/2*V20 -> 0 | Y20: =X20*0.7 -> 0 | Z20: =$H$20 -> 0 | AA20: =Z20*0.6 -> 0 | AB20: =$D$42/2*Z20 -> 0 | AC20: =0.6*AB20 -> 0 | AD20: 0 | AE20: =AD20*0.7 -> 0 | AF20: =$D$42/2*AD20 -> 0 | AG20: =AF20*0.7 -> 0 | AH20: 0 | AI20: 0 | AJ20: =T20+AB20+AH20 -> 0 | AK20: =AK21+AJ20 -> 13166 | AL20: =AJ20*0.6 -> 0 | AM20: =AM21+AL20 -> 7899.6 | AN20: =X20+AF20+AI20 -> 0 | AO20: =AN20+AO21 -> 1302.1 | AP20: =AN20*0.7 -> 0 | AQ20: =AP20+AQ21 -> 911.47 | AT20: L1 | AU20: =$H$20 -> 0 | AV20: =AU20*0.6 -> 0 | AW20: =$I$42/2*AU20 -> 0 | AX20: =AW20*0.6 -> 0 | AY20: 0 | AZ20: =AY20*0.7 -> 0 | BA20: =$I$42/2*AY20 -> 0 | BB20: =BA20*0.7 -> 0 | BC20: =$H$20 -> 0 | BD20: =BC20*0.6 -> 0 | BE20: =$J$42/2*BC20 -> 0 | BF20: =0.6*BE20 -> 0 | BG20: 0 | BH20: =BG20*0.7 -> 0 | BI20: =$J$42/2*BG20 -> 0 | BJ20: =BI20*0.7 -> 0 | BK20: 0 | BL20: 0 | BM20: =AW20+BE20+BK20 -> 0 | BN20: =BN21+BM20 -> 12258 | BO20: =BM20*0.6 -> 0 | BP20: =BP21+BO20 -> 7354.8 | BQ20: =BA20+BI20+BL20 -> 0 | BR20: =BQ20+BR21 -> 1212.3 | BS20: =BQ20*0.7 -> 0 | BT20: =BS20+BT21 -> 848.61
B21: L2 | C21: 10 | D21: 8.25 | E21: =C21+D21/12 -> 10.6875 | F21: =IF(E21>0,E21-(C15+C14+2*1.5+IF(C13="single",1.5,3))/12-_xlfn.XLOOKUP(E21,E20,E20,,-1),0) -> 8.75 | H21: 236 | I21: plf | J21: 33.8 | K21: 65.6 | L21: 19.3 | M21: 119.6 | Q21: L2 | R21: =$H$21 -> 236 | S21: =R21*0.6 -> 141.6 | T21: =$C$42/2*R21 -> 0 | U21: =T21*0.6 -> 0 | V21: 33.8 | W21: =V21*0.7 -> 23.66 | X21: =$C$42/2*V21 -> 0 | Y21: =X21*0.7 -> 0 | Z21: =$H$21 -> 236 | AA21: =Z21*0.6 -> 141.6 | AB21: =$D$42/2*Z21 -> 3422 | AC21: =0.6*AB21 -> 2053.2 | AD21: 33.8 | AE21: =AD21*0.7 -> 23.66 | AF21: =$D$42/2*AD21 -> 490.1 | AG21: =AF21*0.7 -> 343.07 | AH21: 0 | AI21: 0 | AJ21: =T21+AB21+AH21 -> 3422 | AK21: =AK22+AJ21 -> 13166 | AL21: =AJ21*0.6 -> 2053.2 | AM21: =AM22+AL21 -> 7899.6 | AN21: =X21+AF21+AI21 -> 490.1 | AO21: =AN21+AO22 -> 1302.1 | AP21: =AN21*0.7 -> 343.07 | AQ21: =AP21+AQ22 -> 911.47 | AT21: L2 | AU21: =$H$21 -> 236 | AV21: =AU21*0.6 -> 141.6 | AW21: =$I$42/2*AU21 -> 0 | AX21: =AW21*0.6 -> 0 | AY21: 33.8 | AZ21: =AY21*0.7 -> 23.66 | BA21: =$I$42/2*AY21 -> 0 | BB21: =BA21*0.7 -> 0 | BC21: =$H$21 -> 236 | BD21: =BC21*0.6 -> 141.6 | BE21: =$J$42/2*BC21 -> 3186 | BF21: =0.6*BE21 -> 1911.6 | BG21: 33.8 | BH21: =BG21*0.7 -> 23.66 | BI21: =$J$42/2*BG21 -> 456.3 | BJ21: =BI21*0.7 -> 319.41 | BK21: 0 | BL21: 0 | BM21: =AW21+BE21+BK21 -> 3186 | BN21: =BN22+BM21 -> 12258 | BO21: =BM21*0.6 -> 1911.6 | BP21: =BP22+BO21 -> 7354.8 | BQ21: =BA21+BI21+BL21 -> 456.3 | BR21: =BQ21+BR22 -> 1212.3 | BS21: =BQ21*0.7 -> 319.41 | BT21: =BS21+BT22 -> 848.61
B22: L3 | C22: 21 | D22: 4.5 | E22: =C22+D22/12 -> 21.375 | F22: =IF(E22>0,E22-(C15+C14+2*1.5+IF(C13="single",1.5,3))/12-_xlfn.XLOOKUP(E22,E20:E21,E20:E21,,-1),0) -> 8.75 | H22: 229 | I22: plf | J22: 37.1 | K22: 71.8 | L22: 21.1 | M22: 131.1 | Q22: L3 | R22: =$H$22 -> 229 | S22: =R22*0.6 -> 137.4 | T22: =$C$42/2*R22 -> 0 | U22: =T22*0.6 -> 0 | V22: 37.1 | W22: =V22*0.7 -> 25.97 | X22: =$C$42/2*V22 -> 0 | Y22: =X22*0.7 -> 0 | Z22: =$H$22 -> 229 | AA22: =Z22*0.6 -> 137.4 | AB22: =$D$42/2*Z22 -> 3320.5 | AC22: =0.6*AB22 -> 1992.3 | AD22: 37.1 | AE22: =AD22*0.7 -> 25.97 | AF22: =$D$42/2*AD22 -> 537.95 | AG22: =AF22*0.7 -> 376.565 | AH22: 0 | AI22: 0 | AJ22: =T22+AB22+AH22 -> 3320.5 | AK22: =AK23+AJ22 -> 9744 | AL22: =AJ22*0.6 -> 1992.3 | AM22: =AM23+AL22 -> 5846.4 | AN22: =X22+AF22+AI22 -> 537.95 | AO22: =AN22+AO23 -> 812 | AP22: =AN22*0.7 -> 376.565 | AQ22: =AP22+AQ23 -> 568.4 | AT22: L3 | AU22: =$H$22 -> 229 | AV22: =AU22*0.6 -> 137.4 | AW22: =$I$42/2*AU22 -> 0 | AX22: =AW22*0.6 -> 0 | AY22: 37.1 | AZ22: =AY22*0.7 -> 25.97 | BA22: =$I$42/2*AY22 -> 0 | BB22: =BA22*0.7 -> 0 | BC22: =$H$22 -> 229 | BD22: =BC22*0.6 -> 137.4 | BE22: =$J$42/2*BC22 -> 3091.5 | BF22: =0.6*BE22 -> 1854.9 | BG22: 37.1 | BH22: =BG22*0.7 -> 25.97 | BI22: =$J$42/2*BG22 -> 500.85 | BJ22: =BI22*0.7 -> 350.595 | BK22: 0 | BL22: 0 | BM22: =AW22+BE22+BK22 -> 3091.5 | BN22: =BN23+BM22 -> 9072 | BO22: =BM22*0.6 -> 1854.9 | BP22: =BP23+BO22 -> 5443.2 | BQ22: =BA22+BI22+BL22 -> 500.85 | BR22: =BQ22+BR23 -> 756 | BS22: =BQ22*0.7 -> 350.595 | BT22: =BS22+BT23 -> 529.2
B23: L4 | C23: 0 | D23: 0 | E23: =C23+D23/12 -> 0 | F23: =IF(E23>0,E23-(C15+C14+2*1.5+IF(C13="single",1.5,3))/12-_xlfn.XLOOKUP(E23,E20:E22,E20:E22,,-1),0) -> 0 | H23: 0 | I23: plf | J23: 0 | K23: 0 | L23: 0 | M23: 0 | Q23: L4 | R23: =$H$23 -> 0 | S23: =R23*0.6 -> 0 | T23: =$C$42/2*R23 -> 0 | U23: =T23*0.6 -> 0 | V23: 0 | W23: =V23*0.7 -> 0 | X23: =$C$42/2*V23 -> 0 | Y23: =X23*0.7 -> 0 | Z23: =$H$23 -> 0 | AA23: =Z23*0.6 -> 0 | AB23: =$D$42/2*Z23 -> 0 | AC23: =0.6*AB23 -> 0 | AD23: 0 | AE23: =AD23*0.7 -> 0 | AF23: =$D$42/2*AD23 -> 0 | AG23: =AF23*0.7 -> 0 | AH23: 0 | AI23: 0 | AJ23: =T23+AB23+AH23 -> 0 | AK23: =AK24+AJ23 -> 6423.5 | AL23: =AJ23*0.6 -> 0 | AM23: =AM24+AL23 -> 3854.1 | AN23: =X23+AF23+AI23 -> 0 | AO23: =AN23+AO24 -> 274.05 | AP23: =AN23*0.7 -> 0 | AQ23: =AP23+AQ24 -> 191.835 | AT23: L4 | AU23: =$H$23 -> 0 | AV23: =AU23*0.6 -> 0 | AW23: =$I$42/2*AU23 -> 0 | AX23: =AW23*0.6 -> 0 | AY23: 0 | AZ23: =AY23*0.7 -> 0 | BA23: =$I$42/2*AY23 -> 0 | BB23: =BA23*0.7 -> 0 | BC23: =$H$23 -> 0 | BD23: =BC23*0.6 -> 0 | BE23: =$J$42/2*BC23 -> 0 | BF23: =0.6*BE23 -> 0 | BG23: 0 | BH23: =BG23*0.7 -> 0 | BI23: =$J$42/2*BG23 -> 0 | BJ23: =BI23*0.7 -> 0 | BK23: 0 | BL23: 0 | BM23: =AW23+BE23+BK23 -> 0 | BN23: =BN24+BM23 -> 5980.5 | BO23: =BM23*0.6 -> 0 | BP23: =BP24+BO23 -> 3588.3 | BQ23: =BA23+BI23+BL23 -> 0 | BR23: =BQ23+BR24 -> 255.15 | BS23: =BQ23*0.7 -> 0 | BT23: =BS23+BT24 -> 178.605
B24: L5 | C24: 0 | D24: 0 | E24: =C24+D24/12 -> 0 | F24: =IF(E24>0,E24-(C15+C14+2*1.5+IF(C13="single",1.5,3))/12-_xlfn.XLOOKUP(E24,E20:E23,E20:E23,,-1),0) -> 0 | H24: 0 | I24: plf | J24: 0 | K24: 0 | L24: 0 | M24: 0 | Q24: L5 | R24: =$H$24 -> 0 | S24: =R24*0.6 -> 0 | T24: =$C$42/2*R24 -> 0 | U24: =T24*0.6 -> 0 | V24: 0 | W24: =V24*0.7 -> 0 | X24: =$C$42/2*V24 -> 0 | Y24: =X24*0.7 -> 0 | Z24: =$H$24 -> 0 | AA24: =Z24*0.6 -> 0 | AB24: =$D$42/2*Z24 -> 0 | AC24: =0.6*AB24 -> 0 | AD24: 0 | AE24: =AD24*0.7 -> 0 | AF24: =$D$42/2*AD24 -> 0 | AG24: =AF24*0.7 -> 0 | AH24: 0 | AI24: 0 | AJ24: =T24+AB24+AH24 -> 0 | AK24: =AK25+IF(AJ24=0,0,AJ24) -> 6423.5 | AL24: =AJ24*0.6 -> 0 | AM24: =AM25+AL24 -> 3854.1 | AN24: =X24+AF24+AI24 -> 0 | AO24: =AN24+AO25 -> 274.05 | AP24: =AN24*0.7 -> 0 | AQ24: =AP24+AQ25 -> 191.835 | AT24: L5 | AU24: =$H$24 -> 0 | AV24: =AU24*0.6 -> 0 | AW24: =$I$42/2*AU24 -> 0 | AX24: =AW24*0.6 -> 0 | AY24: 0 | AZ24: =AY24*0.7 -> 0 | BA24: =$I$42/2*AY24 -> 0 | BB24: =BA24*0.7 -> 0 | BC24: =$H$24 -> 0 | BD24: =BC24*0.6 -> 0 | BE24: =$J$42/2*BC24 -> 0 | BF24: =0.6*BE24 -> 0 | BG24: 0 | BH24: =BG24*0.7 -> 0 | BI24: =$J$42/2*BG24 -> 0 | BJ24: =BI24*0.7 -> 0 | BK24: 0 | BL24: 0 | BM24: =AW24+BE24+BK24 -> 0 | BN24: =BN25+IF(BM24=0,0,BM24) -> 5980.5 | BO24: =BM24*0.6 -> 0 | BP24: =BP25+BO24 -> 3588.3 | BQ24: =BA24+BI24+BL24 -> 0 | BR24: =BQ24+BR25 -> 255.15 | BS24: =BQ24*0.7 -> 0 | BT24: =BS24+BT25 -> 178.605
B25: Roof | C25: =(33+32)/2 -> 32.5 | D25: =(10.5+5.625)/2 -> 8.0625 | E25: =C25+D25/12 -> 33.171875 | F25: =E25-(C17+C16+2*1.5+IF(C13="single",1.5,3))/12-_xlfn.XLOOKUP(E25,E20:E24,E20:E24,,-1) -> 8.6770833 | H25: 443 | I25: plf | J25: 18.9 | K25: 36.6 | L25: 10.8 | M25: 66.7 | Q25: Roof | R25: =$H$25 -> 443 | S25: =R25*0.6 -> 265.8 | T25: =$C$42/2*R25 -> 0 | U25: =T25*0.6 -> 0 | V25: 18.9 | W25: =V25*0.7 -> 13.23 | X25: =$C$42/2*V25 -> 0 | Y25: =X25*0.7 -> 0 | Z25: =$H$25 -> 443 | AA25: =Z25*0.6 -> 265.8 | AB25: =$D$42/2*Z25 -> 6423.5 | AC25: =0.6*AB25 -> 3854.1 | AD25: 18.9 | AE25: =AD25*0.7 -> 13.23 | AF25: =$D$42/2*AD25 -> 274.05 | AG25: =AF25*0.7 -> 191.835 | AH25: 0 | AI25: 0 | AJ25: =T25+AB25+AH25 -> 6423.5 | AK25: =AJ25 -> 6423.5 | AL25: =AJ25*0.6 -> 3854.1 | AM25: =AL25 -> 3854.1 | AN25: =X25+AF25+AI25 -> 274.05 | AO25: =AN25 -> 274.05 | AP25: =AN25*0.7 -> 191.835 | AQ25: =AP25 -> 191.835 | AT25: Roof | AU25: =$H$25 -> 443 | AV25: =AU25*0.6 -> 265.8 | AW25: =$I$42/2*AU25 -> 0 | AX25: =AW25*0.6 -> 0 | AY25: 18.9 | AZ25: =AY25*0.7 -> 13.23 | BA25: =$I$42/2*AY25 -> 0 | BB25: =BA25*0.7 -> 0 | BC25: =$H$25 -> 443 | BD25: =BC25*0.6 -> 265.8 | BE25: =$J$42/2*BC25 -> 5980.5 | BF25: =0.6*BE25 -> 3588.3 | BG25: 18.9 | BH25: =BG25*0.7 -> 13.23 | BI25: =$J$42/2*BG25 -> 255.15 | BJ25: =BI25*0.7 -> 178.605 | BK25: 0 | BL25: 0 | BM25: =AW25+BE25+BK25 -> 5980.5 | BN25: =BM25 -> 5980.5 | BO25: =BM25*0.6 -> 3588.3 | BP25: =BO25 -> 3588.3 | BQ25: =BA25+BI25+BL25 -> 255.15 | BR25: =BQ25 -> 255.15 | BS25: =BQ25*0.7 -> 178.605 | BT25: =BS25 -> 178.605
B26: W Uplift | H26: -22.9 | I26: psf | R26: =$H$26 -> -22.9 | S26: =R26*0.6 -> -13.74 | T26: =$I$42/2*R26 -> 0 | U26: =T26*0.6 -> 0 | Z26: =$H$26 -> -22.9 | AA26: =Z26*0.6 -> -13.74 | AB26: =$J$42/2*Z26 -> -309.15 | AC26: =0.6*AB26 -> -185.49 | AU26: =$H$26 -> -22.9 | AV26: =AU26*0.6 -> -13.74 | AW26: =$I$42/2*AU26 -> 0 | AX26: =AW26*0.6 -> 0 | BC26: =$H$26 -> -22.9 | BD26: =BC26*0.6 -> -13.74 | BE26: =$J$42/2*BC26 -> -309.15 | BF26: =0.6*BE26 -> -185.49
B27: E Uplift | C27: Sds | D27: 0.18 | H27: =0.2*D27 -> 0.036 | I27: xD psf
Y28: user override stud height if required each level | BB28: user override stud height if required each level
B29: DL | Q29: Wall | R29: Length | S29: Flr Spac | T29: Flr Trib | U29: Rf Space | V29: Rf Trib | W29: Wall | X29: Parapet | Y29: L2 | Z29: L3 | AA29: L4 | AB29: L5 | AC29: LR | AD29: V % | AT29: Wall | AU29: Length | AV29: Flr Spac | AW29: Flr Trib | AX29: Rf Space | AY29: Rf Trib | AZ29: Wall | BA29: Parapet | BB29: L2 | BC29: L3 | BD29: L4 | BE29: L5 | BF29: LR | BG29: V %
B30: Roof | C30: 20 | D30: 100% of Min Roof Dead Load | Q30: =R16&".01" -> A.01 | R30: 29 | S30: 12 | T30: =S30/2 -> 6 | U30: 4 | V30: =U30/2 -> 2 | W30: Wall 3 | X30: 6 | AD30: =R30/R46 -> 1 | AT30: =AU$16&".01" -> 1.01 | AU30: 29 | AV30: 12 | AW30: =AV30/2 -> 6 | AX30: 4 | AY30: =AX30/2 -> 2 | AZ30: Wall 3 | BA30: 6 | BG30: =AU30/AU46 -> 1
C31: =0.9*C30 -> 18 | D31: 90% of Min Roof Dead Load | Q31: =R16&".02" -> A.02 | T31: =S31/2 -> 0 | V31: =U31/2 -> 0 | AT31: =AU$16&".02" -> 1.02 | AW31: =AV31/2 -> 0 | AY31: =AX31/2 -> 0
B32: Floor | C32: 26 | D32: Min Floor Dead Load | Q32: =R16&".03" -> A.03 | T32: =S32/2 -> 0 | V32: =U32/2 -> 0 | AT32: =AU$16&".03" -> 1.03 | AW32: =AV32/2 -> 0 | AY32: =AX32/2 -> 0
B33: Wall 1 | C33: 11 | D33: Single Interior 2x4 Wall | Q33: =R16&".04" -> A.04 | T33: =S33/2 -> 0 | V33: =U33/2 -> 0 | AT33: =AU$16&".04" -> 1.04 | AW33: =AV33/2 -> 0 | AY33: =AX33/2 -> 0
B34: Wall 2 | C34: 13 | D34: Double Interior 2x4 Wall | Q34: =R16&".05" -> A.05 | T34: =S34/2 -> 0 | V34: =U34/2 -> 0 | AT34: =AU$16&".05" -> 1.05 | AW34: =AV34/2 -> 0 | AY34: =AX34/2 -> 0
B35: Wall 3 | C35: 18 | D35: Single Exterior 2x6 Wall | Q35: =R16&".06" -> A.06 | T35: =S35/2 -> 0 | V35: =U35/2 -> 0 | AT35: =AU$16&".06" -> 1.06 | AW35: =AV35/2 -> 0 | AY35: =AX35/2 -> 0
B36: Wall 4 | Q36: =R16&".07" -> A.07 | T36: =S36/2 -> 0 | V36: =U36/2 -> 0 | AT36: =AU$16&".07" -> 1.07 | AW36: =AV36/2 -> 0 | AY36: =AX36/2 -> 0
B37: Wall 5 | Q37: =R16&".08" -> A.08 | T37: =S37/2 -> 0 | V37: =U37/2 -> 0 | AT37: =AU$16&".08" -> 1.08 | AW37: =AV37/2 -> 0 | AY37: =AX37/2 -> 0
B38: Wall 6 | Q38: =R16&".09" -> A.09 | T38: =S38/2 -> 0 | V38: =U38/2 -> 0 | AT38: =AU$16&".09" -> 1.09 | AW38: =AV38/2 -> 0 | AY38: =AX38/2 -> 0
Q39: =R16&".10" -> A.10 | T39: =S39/2 -> 0 | V39: =U39/2 -> 0 | AT39: =AU$16&".10" -> 1.10 | AW39: =AV39/2 -> 0 | AY39: =AX39/2 -> 0
C40: line to line spacing | I40: line to line spacing | Q40: =R16&".11" -> A.11 | T40: =S40/2 -> 0 | V40: =U40/2 -> 0 | AT40: =AU$16&".11" -> 1.11 | AW40: =AV40/2 -> 0 | AY40: =AX40/2 -> 0
B41: NS Lines | C41: left ft | D41: right ft | E41: total ft | H41: EW Lines | I41: left ft | J41: right ft | K41: total ft | Q41: =R16&".12" -> A.12 | T41: =S41/2 -> 0 | V41: =U41/2 -> 0 | AT41: =AU$16&".12" -> 1.12 | AW41: =AV41/2 -> 0 | AY41: =AX41/2 -> 0
B42: A | C42: 0 | D42: 29 | E42: =C42+D42 -> 29 | H42: 1 | I42: 0 | J42: 27 | K42: =I42+J42 -> 27 | Q42: =R16&".13" -> A.13 | T42: =S42/2 -> 0 | V42: =U42/2 -> 0 | AT42: =AU$16&".13" -> 1.13 | AW42: =AV42/2 -> 0 | AY42: =AX42/2 -> 0
B43: B | C43: 29 | D43: 6 | E43: =C43+D43 -> 35 | H43: 2 | I43: 27 | J43: 14 | K43: =I43+J43 -> 41 | Q43: =R16&".14" -> A.14 | T43: =S43/2 -> 0 | V43: =U43/2 -> 0 | AT43: =AU$16&".14" -> 1.14 | AW43: =AV43/2 -> 0 | AY43: =AX43/2 -> 0
B44: C | C44: 6 | D44: 29 | E44: =C44+D44 -> 35 | H44: 3 | I44: 14 | J44: 13 | K44: =I44+J44 -> 27 | Q44: =R16&".15" -> A.15 | T44: =S44/2 -> 0 | V44: =U44/2 -> 0 | AT44: =AU$16&".15" -> 1.15 | AW44: =AV44/2 -> 0 | AY44: =AX44/2 -> 0
B45: D | C45: 26 | D45: 26 | E45: =C45+D45 -> 52 | F45: ww | H45: 4 | I45: 13 | J45: 27 | K45: =I45+J45 -> 40 | Q45: =R16&".16" -> A.16 | T45: =S45/2 -> 0 | V45: =U45/2 -> 0 | AT45: =AU$16&".16" -> 1.16 | AW45: =AV45/2 -> 0 | AY45: =AX45/2 -> 0
B46: E | C46: 29 | D46: 0 | E46: =C46+D46 -> 29 | H46: 5 | I46: 27 | J46: 11 | K46: =I46+J46 -> 38 | R46: =SUM(R30:R45) -> 29 | AU46: =SUM(AU30:AU45) -> 29
B47: F | C47: 17 | D47: 27 | E47: =C47+D47 -> 44 | H47: 6 | I47: 11 | J47: 6 | K47: =I47+J47 -> 17 | AP47: marks | BS47: marks
B48: G | C48: 27 | D48: 27 | E48: =C48+D48 -> 54 | H48: 7 | I48: 6 | J48: 11 | K48: =I48+J48 -> 17 | Q48: SW | R48: Level | S48: h (ft) | T48: P 1.0D | U48: P 1.0E | V48: P 1.0W | W48: Mr 0.6D+0.7E | X48: Mr 0.6D+0.6W | Z48: V0.7E | AA48: v0.7E | AB48: Mot0.7E | AC48: MnetE | AD48: TCE | AE48: V0.6W | AF48: v0.6W | AG48: Mot0.6W | AH48: MnetW | AI48: TCW | AJ48: AR | AK48: Car | AL48: va E | AM48: va W | AN48: hd | AP48: sheath | AQ48: holdown | AT48: SW | AU48: Level | AV48: h (ft) | AW48: P 1.0D | AX48: P 1.0E | AY48: P 1.0W | AZ48: Mr 0.6D+0.7E | BA48: Mr 0.6D+0.6W | BC48: V0.7E | BD48: v0.7E | BE48: Mot0.7E | BF48: MnetE | BG48: TCE | BH48: V0.6W | BI48: v0.6W | BJ48: Mot0.6W | BK48: MnetW | BL48: TCW | BM48: AR | BN48: Car | BO48: va E | BP48: va W | BQ48: hd | BS48: sheath | BT48: holdown
B49: H | C49: 27 | D49: 27 | E49: =C49+D49 -> 54 | H49: 8 | I49: 20 | J49: 0 | K49: =I49+J49 -> 20 | L49: ww | Q49: =$Q$30 -> A.01 | R49: =$Q$21 -> L2 | S49: =$E$21 -> 10.6875 | T49: {=IFERROR(IF(S49=0,0,(INDEX($C$33:$C$38,MATCH($W$30,$B$33:$B$38,0),0)*(S53+$X$30)+$T$30*COUNTIF(S49:S52,">0")*$C$32+$V$30*$C$31)*$R$30),0)} -> 30539.719 | U49: =IF(S49=0,0,-(COUNTIF(S49:S52,">0")*$T$30*$C$32+$V$30*$C$31)*$H$27*$R$30) -> -363.312 | V49: =IF(S49=0,0,$V$30*$H$26*$R$30) -> -1328.2 | W49: =(0.6*T49+0.7*U49)*$R$30/2 -> 262007.94 | X49: =(0.6*T49+0.6*V49)*$R$30/2 -> 254140.21 | Z49: =IF(S49=0,0,$AD$30*$AP$21) -> 343.07 | AA49: =IFERROR(Z49/$R$30,0) -> 11.83 | AB49: =Z49*($F$21+IF($F$21=0,0,($C$14+$C$15+IF($C$13="single",1.5,3)+3)/12)) -> 3666.5606 | AC49: =AB49-W49 -> -258341.38 | AD49: {=IFERROR(IF(AC49<0,0,AC49/($R$30-INDEX(hd_off,MATCH(AQ49,hd_mark,0),0)/12)),0)} -> 0 | AE49: =IF(S49=0,0,$AD$30*$AM$21) -> 7899.6 | AF49: =IFERROR(AE49/$R$30,0) -> 272.4 | AG49: =AE49*($F$21+IF($F$21=0,0,($C$14+$C$15+IF($C$13="single",1.5,3)+3)/12)) -> 84426.975 | AH49: =AG49-X49 -> -169713.24 | AI49: {=IFERROR(IF(AH49<0,0,AH49/($R$30-INDEX(hd_off,MATCH(AQ49,hd_mark,0),0)/12)),0)} -> 0 | AJ49: =MAX($F$21,$Y$30)/$Q$52 -> 0.30172414 | AK49: =IF(AJ49=0,0,IF(AJ49>2,1.25-0.125*AJ49,1)) -> 1 | AL49: {=IFERROR(INDEX(sheath_ecap_asd,MATCH(AP49,sheath_mark,0),0)*AK49,0)} -> 239.85714 | AM49: {=IFERROR(INDEX(sheath_wcap_asd,MATCH(AP49,sheath_mark,0),0)*AK49,0)} -> 335.8 | AN49: {=IFERROR(INDEX(hd_cap,MATCH(AQ49,hd_mark,0),0),0)} -> 0 | AP49: 21 | AT49: =$AT$30 -> 1.01 | AU49: =$Q$21 -> L2 | AV49: =$E$21 -> 10.6875 | AW49: {=IFERROR(IF(AV49=0,0,(INDEX($C$33:$C$38,MATCH($AZ$30,$B$33:$B$38,0),0)*(AV53+$BA$30)+$AW$30*COUNTIF(AV49:AV52,">0")*$C$32+$AY$30*$C$31)*$AU$30),0)} -> 30539.719 | AX49: =IF(AV49=0,0,-(COUNTIF(AV49:AV52,">0")*$AW$30*$C$32+$AY$30*$C$31)*$H$27*$AU$30) -> -363.312 | AY49: =IF(AV49=0,0,$AY$30*$H$26*$AU$30) -> -1328.2 | AZ49: =(0.6*AW49+0.7*AX49)*$AU$30/2 -> 262007.94 | BA49: =(0.6*AW49+0.6*AY49)*$AU$30/2 -> 254140.21 | BC49: =IF(AV49=0,0,$BG$30*$AP$21) -> 343.07 | BD49: =IFERROR(BC49/$AU$30,0) -> 11.83 | BE49: =BC49*($F$21+IF($F$21=0,0,($C$14+$C$15+IF($C$13="single",1.5,3)+3)/12)) -> 3666.5606 | BF49: =BE49-AZ49 -> -258341.38 | BG49: {=IFERROR(IF(BF49<0,0,BF49/($AU$30-INDEX(hd_off,MATCH(BT49,hd_mark,0),0)/12)),0)} -> 0 | BH49: =IF(AV49=0,0,$BG$30*$AM$21) -> 7899.6 | BI49: =IFERROR(BH49/$AU$30,0) -> 272.4 | BJ49: =BH49*($F$21+IF($F$21=0,0,($C$14+$C$15+IF($C$13="single",1.5,3)+3)/12)) -> 84426.975 | BK49: =BJ49-BA49 -> -169713.24 | BL49: {=IFERROR(IF(BK49<0,0,BK49/($AU$30-INDEX(hd_off,MATCH(BT49,hd_mark,0),0)/12)),0)} -> 0 | BM49: =MAX($F$21,$BB$30)/$Q$52 -> 0.30172414 | BN49: =IF(BM49=0,0,IF(BM49>2,1.25-0.125*BM49,1)) -> 1 | BO49: {=IFERROR(INDEX(sheath_ecap_asd,MATCH(BS49,sheath_mark,0),0)*BN49,0)} -> 239.85714 | BP49: {=IFERROR(INDEX(sheath_wcap_asd,MATCH(BS49,sheath_mark,0),0)*BN49,0)} -> 335.8 | BQ49: {=IFERROR(INDEX(hd_cap,MATCH(BT49,hd_mark,0),0),0)} -> 0 | BS49: 21
B50: I | C50: 27 | D50: 27 | E50: =C50+D50 -> 54 | H50: 9 | I50: 30 | J50: 0 | K50: =I50+J50 -> 30 | R50: =$Q$22 -> L3 | S50: =$E$22 -> 21.375 | T50: {=IFERROR(IF(S50=0,0,(INDEX($C$33:$C$38,MATCH($W$30,$B$33:$B$38,0),0)*(S53+$X$30)+$T$30*COUNTIF(S50:S52,">0")*$C$32+$V$30*$C$31)*$R$30),0)} -> 26015.719 | U50: =IF(S50=0,0,-(COUNTIF(S50:S52,">0")*$T$30*$C$32+$V$30*$C$31)*$H$27*$R$30) -> -200.448 | V50: =IF(S50=0,0,$V$30*$H$26*$R$30) -> -1328.2 | W50: =(0.6*T50+0.7*U50)*$R$30/2 -> 224302.21 | X50: =T50*$R$30/2 -> 377227.92 | Z50: =IF(S50=0,0,$AD$30*$AP$22) -> 376.565 | AA50: =IFERROR(Z50/$R$30,0) -> 12.985 | AB50: =Z50*($F$22+IF($F$22=0,0,($C$14+$C$15+IF($C$13="single",1.5,3)+3)/12)) -> 4024.5384 | AC50: =AB50-W50 -> -220277.67 | AD50: {=IFERROR(IF(AC50<0,0,AC50/($R$30-INDEX(hd_off,MATCH(AQ50,hd_mark,0),0)/12)),0)} -> 0 | AE50: =IF(S50=0,0,$AD$30*$AM$22) -> 5846.4 | AF50: =IFERROR(AE50/$R$30,0) -> 201.6 | AG50: =AE50*($F$22+IF($F$22=0,0,($C$14+$C$15+IF($C$13="single",1.5,3)+3)/12)) -> 62483.4 | AH50: =AG50-X50 -> -314744.52 | AI50: {=IFERROR(IF(AH50<0,0,AH50/($R$30-INDEX(hd_off,MATCH(AQ50,hd_mark,0),0)/12)),0)} -> 0 | AJ50: =MAX($F$22,$Z$30)/$Q$52 -> 0.30172414 | AK50: =IF(AJ50=0,0,IF(AJ50>2,1.25-0.125*AJ50,1)) -> 1 | AL50: {=IFERROR(INDEX(sheath_ecap_asd,MATCH(AP50,sheath_mark,0),0)*AK50,0)} -> 239.85714 | AM50: {=IFERROR(INDEX(sheath_wcap_asd,MATCH(AP50,sheath_mark,0),0)*AK50,0)} -> 335.8 | AN50: {=IFERROR(INDEX(hd_cap,MATCH(AQ50,hd_mark,0),0),0)} -> 0 | AP50: 21 | AU50: =$Q$22 -> L3 | AV50: =$E$22 -> 21.375 | AW50: {=IFERROR(IF(AV50=0,0,(INDEX($C$33:$C$38,MATCH($AZ$30,$B$33:$B$38,0),0)*(AV53+$BA$30)+$AW$30*COUNTIF(AV50:AV52,">0")*$C$32+$AY$30*$C$31)*$AU$30),0)} -> 26015.719 | AX50: =IF(AV50=0,0,-(COUNTIF(AV50:AV52,">0")*$AW$30*$C$32+$AY$30*$C$31)*$H$27*$AU$30) -> -200.448 | AY50: =IF(AV50=0,0,$AY$30*$H$26*$AU$30) -> -1328.2 | AZ50: =(0.6*AW50+0.7*AX50)*$AU$30/2 -> 224302.21 | BA50: =AW50*$AU$30/2 -> 377227.92 | BC50: =IF(AV50=0,0,$BG$30*$AP$22) -> 376.565 | BD50: =IFERROR(BC50/$AU$30,0) -> 12.985 | BE50: =BC50*($F$22+IF($F$22=0,0,($C$14+$C$15+IF($C$13="single",1.5,3)+3)/12)) -> 4024.5384 | BF50: =BE50-AZ50 -> -220277.67 | BG50: {=IFERROR(IF(BF50<0,0,BF50/($AU$30-INDEX(hd_off,MATCH(BT50,hd_mark,0),0)/12)),0)} -> 0 | BH50: =IF(AV50=0,0,$BG$30*$AM$22) -> 5846.4 | BI50: =IFERROR(BH50/$AU$30,0) -> 201.6 | BJ50: =BH50*($F$22+IF($F$22=0,0,($C$14+$C$15+IF($C$13="single",1.5,3)+3)/12)) -> 62483.4 | BK50: =BJ50-BA50 -> -314744.52 | BL50: {=IFERROR(IF(BK50<0,0,BK50/($AU$30-INDEX(hd_off,MATCH(BT50,hd_mark,0),0)/12)),0)} -> 0 | BM50: =MAX($F$22,$BC$30)/$Q$52 -> 0.30172414 | BN50: =IF(BM50=0,0,IF(BM50>2,1.25-0.125*BM50,1)) -> 1 | BO50: {=IFERROR(INDEX(sheath_ecap_asd,MATCH(BS50,sheath_mark,0),0)*BN50,0)} -> 239.85714 | BP50: {=IFERROR(INDEX(sheath_wcap_asd,MATCH(BS50,sheath_mark,0),0)*BN50,0)} -> 335.8 | BQ50: {=IFERROR(INDEX(hd_cap,MATCH(BT50,hd_mark,0),0),0)} -> 0 | BS50: 21
B51: J | C51: 27 | D51: 41 | E51: =C51+D51 -> 68 | F51: ww | H51: 10 | I51: 30 | J51: 0 | K51: =I51+J51 -> 30 | Q51: Length | R51: =$Q$23 -> L4 | S51: =$E$23 -> 0 | T51: {=IFERROR(IF(S51=0,0,(INDEX($C$33:$C$38,MATCH($W$30,$B$33:$B$38,0),0)*(S53+$X$30)+$T$30*COUNTIF(S51:S52,">0")*$C$32+$V$30*$C$31)*$R$30),0)} -> 0 | U51: =IF(S51=0,0,-(COUNTIF(S51:S52,">0")*$T$30*$C$32+$V$30*$C$31)*$H$27*$R$30) -> 0 | V51: =IF(S51=0,0,$V$30*$H$26*$R$30) -> 0 | W51: =(0.6*T51+0.7*U51)*$R$30/2 -> 0 | X51: =T51*$R$30/2 -> 0 | Z51: =IF(S51=0,0,$AD$30*$AP$23) -> 0 | AA51: =IFERROR(Z51/$R$30,0) -> 0 | AB51: =Z51*($F$23+IF($F$23=0,0,($C$14+$C$15+IF($C$13="single",1.5,3)+3)/12)) -> 0 | AC51: =AB51-W51 -> 0 | AD51: {=IFERROR(IF(AC51<0,0,AC51/($R$30-INDEX(hd_off,MATCH(AQ51,hd_mark,0),0)/12)),0)} -> 0 | AE51: =IF(S51=0,0,$AD$30*$AM$23) -> 0 | AF51: =IFERROR(AE51/$R$30,0) -> 0 | AG51: =AE51*($F$23+IF($F$23=0,0,($C$14+$C$15+IF($C$13="single",1.5,3)+3)/12)) -> 0 | AH51: =AG51-X51 -> 0 | AI51: {=IFERROR(IF(AH51<0,0,AH51/($R$30-INDEX(hd_off,MATCH(AQ51,hd_mark,0),0)/12)),0)} -> 0 | AJ51: =MAX($F$23,$AA$30)/$Q$52 -> 0 | AK51: =IF(AJ51=0,0,IF(AJ51>2,1.25-0.125*AJ51,1)) -> 0 | AL51: {=IFERROR(INDEX(sheath_ecap_asd,MATCH(AP51,sheath_mark,0),0)*AK51,0)} -> 0 | AM51: {=IFERROR(INDEX(sheath_wcap_asd,MATCH(AP51,sheath_mark,0),0)*AK51,0)} -> 0 | AN51: {=IFERROR(INDEX(hd_cap,MATCH(AQ51,hd_mark,0),0),0)} -> 0 | AT51: Length | AU51: =$Q$23 -> L4 | AV51: =$E$23 -> 0 | AW51: {=IFERROR(IF(AV51=0,0,(INDEX($C$33:$C$38,MATCH($AZ$30,$B$33:$B$38,0),0)*(AV53+$BA$30)+$AW$30*COUNTIF(AV51:AV52,">0")*$C$32+$AY$30*$C$31)*$AU$30),0)} -> 0 | AX51: =IF(AV51=0,0,-(COUNTIF(AV51:AV52,">0")*$AW$30*$C$32+$AY$30*$C$31)*$H$27*$AU$30) -> 0 | AY51: =IF(AV51=0,0,$AY$30*$H$26*$AU$30) -> 0 | AZ51: =(0.6*AW51+0.7*AX51)*$AU$30/2 -> 0 | BA51: =AW51*$AU$30/2 -> 0 | BC51: =IF(AV51=0,0,$BG$30*$AP$23) -> 0 | BD51: =IFERROR(BC51/$AU$30,0) -> 0 | BE51: =BC51*($F$23+IF($F$23=0,0,($C$14+$C$15+IF($C$13="single",1.5,3)+3)/12)) -> 0 | BF51: =BE51-AZ51 -> 0 | BG51: {=IFERROR(IF(BF51<0,0,BF51/($AU$30-INDEX(hd_off,MATCH(BT51,hd_mark,0),0)/12)),0)} -> 0 | BH51: =IF(AV51=0,0,$BG$30*$AM$23) -> 0 | BI51: =IFERROR(BH51/$AU$30,0) -> 0 | BJ51: =BH51*($F$23+IF($F$23=0,0,($C$14+$C$15+IF($C$13="single",1.5,3)+3)/12)) -> 0 | BK51: =BJ51-BA51 -> 0 | BL51: {=IFERROR(IF(BK51<0,0,BK51/($AU$30-INDEX(hd_off,MATCH(BT51,hd_mark,0),0)/12)),0)} -> 0 | BM51: =MAX($F$23,$BD$30)/$Q$52 -> 0 | BN51: =IF(BM51=0,0,IF(BM51>2,1.25-0.125*BM51,1)) -> 0 | BO51: {=IFERROR(INDEX(sheath_ecap_asd,MATCH(BS51,sheath_mark,0),0)*BN51,0)} -> 0 | BP51: {=IFERROR(INDEX(sheath_wcap_asd,MATCH(BS51,sheath_mark,0),0)*BN51,0)} -> 0 | BQ51: {=IFERROR(INDEX(hd_cap,MATCH(BT51,hd_mark,0),0),0)} -> 0
B52: K | C52: 0 | D52: 29 | E52: =C52+D52 -> 29 | H52: 11 | I52: 0 | J52: 27 | K52: =I52+J52 -> 27 | Q52: =$R$30 -> 29 | R52: =$Q$24 -> L5 | S52: =$E$24 -> 0 | T52: {=IFERROR(IF(S52=0,0,(INDEX($C$33:$C$38,MATCH($W$30,$B$33:$B$38,0),0)*(S53+$X$30)+$T$30*COUNTIF(S52:S52,">0")*$C$32+$V$30*$C$31)*$R$30),0)} -> 0 | U52: =IF(S52=0,0,-(COUNTIF(S52:S52,">0")*$T$30*$C$32+$V$30*$C$31)*$H$27*$R$30) -> 0 | V52: =IF(S52=0,0,$V$30*$H$26*$R$30) -> 0 | W52: =(0.6*T52+0.7*U52)*$R$30/2 -> 0 | X52: =T52*$R$30/2 -> 0 | Z52: =IF(S52=0,0,$AD$30*$AP$24) -> 0 | AA52: =IFERROR(Z52/$R$30,0) -> 0 | AB52: =Z52*($F$24+IF($F$24=0,0,($C$14+$C$15+IF($C$13="single",1.5,3)+3)/12)) -> 0 | AC52: =AB52-W52 -> 0 | AD52: {=IFERROR(IF(AC52<0,0,AC52/($R$30-INDEX(hd_off,MATCH(AQ52,hd_mark,0),0)/12)),0)} -> 0 | AE52: =IF(S52=0,0,$AD$30*$AM$24) -> 0 | AF52: =IFERROR(AE52/$R$30,0) -> 0 | AG52: =AE52*($F$24+IF($F$24=0,0,($C$14+$C$15+IF($C$13="single",1.5,3)+3)/12)) -> 0 | AH52: =AG52-X52 -> 0 | AI52: {=IFERROR(IF(AH52<0,0,AH52/($R$30-INDEX(hd_off,MATCH(AQ52,hd_mark,0),0)/12)),0)} -> 0 | AJ52: =MAX($F$24,$AB$30)/$Q$52 -> 0 | AK52: =IF(AJ52=0,0,IF(AJ52>2,1.25-0.125*AJ52,1)) -> 0 | AL52: {=IFERROR(INDEX(sheath_ecap_asd,MATCH(AP52,sheath_mark,0),0)*AK52,0)} -> 0 | AM52: {=IFERROR(INDEX(sheath_wcap_asd,MATCH(AP52,sheath_mark,0),0)*AK52,0)} -> 0 | AN52: {=IFERROR(INDEX(hd_cap,MATCH(AQ52,hd_mark,0),0),0)} -> 0 | AT52: =$R$30 -> 29 | AU52: =$Q$24 -> L5 | AV52: =$E$24 -> 0 | AW52: {=IFERROR(IF(AV52=0,0,(INDEX($C$33:$C$38,MATCH($AZ$30,$B$33:$B$38,0),0)*(AV53+$BA$30)+$AW$30*COUNTIF(AV52:AV52,">0")*$C$32+$AY$30*$C$31)*$AU$30),0)} -> 0 | AX52: =IF(AV52=0,0,-(COUNTIF(AV52:AV52,">0")*$AW$30*$C$32+$AY$30*$C$31)*$H$27*$AU$30) -> 0 | AY52: =IF(AV52=0,0,$AY$30*$H$26*$AU$30) -> 0 | AZ52: =(0.6*AW52+0.7*AX52)*$AU$30/2 -> 0 | BA52: =AW52*$AU$30/2 -> 0 | BC52: =IF(AV52=0,0,$BG$30*$AP$24) -> 0 | BD52: =IFERROR(BC52/$AU$30,0) -> 0 | BE52: =BC52*($F$24+IF($F$24=0,0,($C$14+$C$15+IF($C$13="single",1.5,3)+3)/12)) -> 0 | BF52: =BE52-AZ52 -> 0 | BG52: {=IFERROR(IF(BF52<0,0,BF52/($AU$30-INDEX(hd_off,MATCH(BT52,hd_mark,0),0)/12)),0)} -> 0 | BH52: =IF(AV52=0,0,$BG$30*$AM$24) -> 0 | BI52: =IFERROR(BH52/$AU$30,0) -> 0 | BJ52: =BH52*($F$24+IF($F$24=0,0,($C$14+$C$15+IF($C$13="single",1.5,3)+3)/12)) -> 0 | BK52: =BJ52-BA52 -> 0 | BL52: {=IFERROR(IF(BK52<0,0,BK52/($AU$30-INDEX(hd_off,MATCH(BT52,hd_mark,0),0)/12)),0)} -> 0 | BM52: =MAX($F$24,$BE$30)/$Q$52 -> 0 | BN52: =IF(BM52=0,0,IF(BM52>2,1.25-0.125*BM52,1)) -> 0 | BO52: {=IFERROR(INDEX(sheath_ecap_asd,MATCH(BS52,sheath_mark,0),0)*BN52,0)} -> 0 | BP52: {=IFERROR(INDEX(sheath_wcap_asd,MATCH(BS52,sheath_mark,0),0)*BN52,0)} -> 0 | BQ52: {=IFERROR(INDEX(hd_cap,MATCH(BT52,hd_mark,0),0),0)} -> 0
B53: L | C53: 29 | D53: 6 | E53: =C53+D53 -> 35 | H53: 12 | I53: 27 | J53: 14 | K53: =I53+J53 -> 41 | R53: =$Q$25 -> Roof | S53: =$E$25 -> 33.171875 | T53: {=IFERROR(IF(S53=0,0,(INDEX($C$33:$C$38,MATCH($W$30,$B$33:$B$38,0),0)*(S53+$X$30)+$V$30*$C$31)*$R$30),0)} -> 21491.719 | U53: =IF(S53=0,0,-$V$30*$C$31*$H$27*$R$30) -> -37.584 | V53: =IF(S53=0,0,$V$30*$H$26*$R$30) -> -1328.2 | W53: =(0.6*T53+0.7*U53)*$R$30/2 -> 186596.48 | X53: =T53*$R$30/2 -> 311629.92 | Z53: =IF(S53=0,0,$AD$30*$AP$25) -> 191.835 | AA53: =IFERROR(Z53/$R$30,0) -> 6.615 | AB53: =Z53*($F$25+($C$16+$C$17+IF($C$13="single",1.5,3)+3)/12) -> 2263.0535 | AC53: =AB53-W53 -> -184333.42 | AD53: {=IFERROR(IF(AC53<0,0,AC53/($R$30-INDEX(hd_off,MATCH(AQ53,hd_mark,0),0)/12)),0)} -> 0 | AE53: =IF(S53=0,0,$AD$30*$AM$25) -> 3854.1 | AF53: =IFERROR(AE53/$R$30,0) -> 132.9 | AG53: =AE53*($F$25+($C$16+$C$17+IF($C$13="single",1.5,3)+3)/12) -> 45466.336 | AH53: =AG53-X53 -> -266163.59 | AI53: {=IFERROR(IF(AH53<0,0,AH53/($R$30-INDEX(hd_off,MATCH(AQ53,hd_mark,0),0)/12)),0)} -> 0 | AJ53: =MAX($F$25,$AC$30)/$Q$52 -> 0.29920977 | AK53: =IF(AJ53=0,0,IF(AJ53>2,1.25-0.125*AJ53,1)) -> 1 | AL53: {=IFERROR(INDEX(sheath_ecap_asd,MATCH(AP53,sheath_mark,0),0)*AK53,0)} -> 95.285714 | AM53: {=IFERROR(INDEX(sheath_wcap_asd,MATCH(AP53,sheath_mark,0),0)*AK53,0)} -> 133.4 | AN53: {=IFERROR(INDEX(hd_cap,MATCH(AQ53,hd_mark,0),0),0)} -> 0 | AP53: 11 | AU53: =$Q$25 -> Roof | AV53: =$E$25 -> 33.171875 | AW53: {=IFERROR(IF(AV53=0,0,(INDEX($C$33:$C$38,MATCH($AZ$30,$B$33:$B$38,0),0)*(AV53+$BA$30)+$AY$30*$C$31)*$AU$30),0)} -> 21491.719 | AX53: =IF(AV53=0,0,-$AY$30*$C$31*$H$27*$AU$30) -> -37.584 | AY53: =IF(AV53=0,0,$AY$30*$H$26*$AU$30) -> -1328.2 | AZ53: =(0.6*AW53+0.7*AX53)*$AU$30/2 -> 186596.48 | BA53: =AW53*$AU$30/2 -> 311629.92 | BC53: =IF(AV53=0,0,$BG$30*$AP$25) -> 191.835 | BD53: =IFERROR(BC53/$AU$30,0) -> 6.615 | BE53: =BC53*($F$25+($C$16+$C$17+IF($C$13="single",1.5,3)+3)/12) -> 2263.0535 | BF53: =BE53-AZ53 -> -184333.42 | BG53: {=IFERROR(IF(BF53<0,0,BF53/($AU$30-INDEX(hd_off,MATCH(BT53,hd_mark,0),0)/12)),0)} -> 0 | BH53: =IF(AV53=0,0,$BG$30*$AM$25) -> 3854.1 | BI53: =IFERROR(BH53/$AU$30,0) -> 132.9 | BJ53: =BH53*($F$25+($C$16+$C$17+IF($C$13="single",1.5,3)+3)/12) -> 45466.336 | BK53: =BJ53-BA53 -> -266163.59 | BL53: {=IFERROR(IF(BK53<0,0,BK53/($AU$30-INDEX(hd_off,MATCH(BT53,hd_mark,0),0)/12)),0)} -> 0 | BM53: =MAX($F$25,$BF$30)/$Q$52 -> 0.29920977 | BN53: =IF(BM53=0,0,IF(BM53>2,1.25-0.125*BM53,1)) -> 1 | BO53: {=IFERROR(INDEX(sheath_ecap_asd,MATCH(BS53,sheath_mark,0),0)*BN53,0)} -> 95.285714 | BP53: {=IFERROR(INDEX(sheath_wcap_asd,MATCH(BS53,sheath_mark,0),0)*BN53,0)} -> 133.4 | BQ53: {=IFERROR(INDEX(hd_cap,MATCH(BT53,hd_mark,0),0),0)} -> 0 | BS53: 11
B54: M | C54: 6 | D54: 29 | E54: =C54+D54 -> 35 | H54: 13 | I54: 14 | J54: 12 | K54: =I54+J54 -> 26
B55: N | C55: 29 | D55: 0 | E55: =C55+D55 -> 29 | H55: 14 | I55: 12 | J55: 27 | K55: =I55+J55 -> 39 | Q55: =$Q$31 -> A.02 | R55: =$Q$21 -> L2 | S55: =$E$21 -> 10.6875 | T55: {=IFERROR(IF(S55=0,0,(INDEX($C$33:$C$38,MATCH($W$31,$B$33:$B$38,0),0)*(S59+$X$31)+$T$31*COUNTIF(S55:S58,">0")*$C$32+$V$31*$C$31)*$R$31),0)} -> 0 | U55: =IF(S55=0,0,-(COUNTIF(S55:S58,">0")*$T$31*$C$32+$V$31*$C$31)*$H$27*$R$31) -> 0 | V55: =IF(S55=0,0,$V$31*$H$26*$R$31) -> 0 | W55: =(0.6*T55+0.7*U55)*$R$31/2 -> 0 | X55: =(0.6*T55+0.6*V55)*$R$31/2 -> 0 | Z55: =IF(S55=0,0,$AD$31*$AP$21) -> 0 | AA55: =IFERROR(Z55/$R$31,0) -> 0 | AB55: =Z55*($F$21+IF($F$21=0,0,($C$14+$C$15+IF($C$13="single",1.5,3)+3)/12)) -> 0 | AC55: =AB55-W55 -> 0 | AD55: {=IFERROR(IF(AC55<0,0,AC55/($R$31-INDEX(hd_off,MATCH(AQ55,hd_mark,0),0)/12)),0)} -> 0 | AE55: =IF(S55=0,0,$AD$31*$AM$21) -> 0 | AF55: =IFERROR(AE55/$R$31,0) -> 0 | AG55: =AE55*($F$21+IF($F$21=0,0,($C$14+$C$15+IF($C$13="single",1.5,3)+3)/12)) -> 0 | AH55: =AG55-X55 -> 0 | AI55: {=IFERROR(IF(AH55<0,0,AH55/($R$31-INDEX(hd_off,MATCH(AQ55,hd_mark,0),0)/12)),0)} -> 0 | AJ55: =MAX($F$21,$Y$31)/$Q$52 -> 0.30172414 | AK55: =IF(AJ55=0,0,IF(AJ55>2,1.25-0.125*AJ55,1)) -> 1 | AL55: {=IFERROR(INDEX(sheath_ecap_asd,MATCH(AP55,sheath_mark,0),0)*AK55,0)} -> 0 | AM55: {=IFERROR(INDEX(sheath_wcap_asd,MATCH(AP55,sheath_mark,0),0)*AK55,0)} -> 0 | AN55: {=IFERROR(INDEX(hd_cap,MATCH(AQ55,hd_mark,0),0),0)} -> 0 | AT55: =$AT$31 -> 1.02 | AU55: =$Q$21 -> L2 | AV55: =$E$21 -> 10.6875 | AW55: {=IFERROR(IF(AV55=0,0,(INDEX($C$33:$C$38,MATCH($AZ$31,$B$33:$B$38,0),0)*(AV59+$BA$31)+$AW$31*COUNTIF(AV55:AV58,">0")*$C$32+$AY$31*$C$31)*$AU$31),0)} -> 0 | AX55: =IF(AV55=0,0,-(COUNTIF(AV55:AV58,">0")*$AW$31*$C$32+$AY$31*$C$31)*$H$27*$AU$31) -> 0 | AY55: =IF(AV55=0,0,$AY$31*$H$26*$AU$31) -> 0 | AZ55: =(0.6*AW55+0.7*AX55)*$AU$31/2 -> 0 | BA55: =(0.6*AW55+0.6*AY55)*$AU$31/2 -> 0 | BC55: =IF(AV55=0,0,$BG$31*$AP$21) -> 0 | BD55: =IFERROR(BC55/$AU$31,0) -> 0 | BE55: =BC55*($F$21+IF($F$21=0,0,($C$14+$C$15+IF($C$13="single",1.5,3)+3)/12)) -> 0 | BF55: =BE55-AZ55 -> 0 | BG55: {=IFERROR(IF(BF55<0,0,BF55/($AU$31-INDEX(hd_off,MATCH(BT55,hd_mark,0),0)/12)),0)} -> 0 | BH55: =IF(AV55=0,0,$BG$31*$AM$21) -> 0 | BI55: =IFERROR(BH55/$AU$31,0) -> 0 | BJ55: =BH55*($F$21+IF($F$21=0,0,($C$14+$C$15+IF($C$13="single",1.5,3)+3)/12)) -> 0 | BK55: =BJ55-BA55 -> 0 | BL55: {=IFERROR(IF(BK55<0,0,BK55/($AU$31-INDEX(hd_off,MATCH(BT55,hd_mark,0),0)/12)),0)} -> 0 | BM55: =MAX($F$21,$BB$31)/$Q$52 -> 0.30172414 | BN55: =IF(BM55=0,0,IF(BM55>2,1.25-0.125*BM55,1)) -> 1 | BO55: {=IFERROR(INDEX(sheath_ecap_asd,MATCH(BS55,sheath_mark,0),0)*BN55,0)} -> 0 | BP55: {=IFERROR(INDEX(sheath_wcap_asd,MATCH(BS55,sheath_mark,0),0)*BN55,0)} -> 0 | BQ55: {=IFERROR(INDEX(hd_cap,MATCH(BT55,hd_mark,0),0),0)} -> 0
B56: O | E56: =C56+D56 -> 0 | H56: 15 | I56: 27 | J56: 18 | K56: =I56+J56 -> 45 | R56: =$Q$22 -> L3 | S56: =$E$22 -> 21.375 | T56: {=IFERROR(IF(S56=0,0,(INDEX($C$33:$C$38,MATCH($W$31,$B$33:$B$38,0),0)*(S59+$X$31)+$T$31*COUNTIF(S56:S58,">0")*$C$32+$V$31*$C$31)*$R$31),0)} -> 0 | U56: =IF(S56=0,0,-(COUNTIF(S56:S58,">0")*$T$31*$C$32+$V$31*$C$31)*$H$27*$R$31) -> 0 | V56: =IF(S56=0,0,$V$31*$H$26*$R$31) -> 0 | W56: =(0.6*T56+0.7*U56)*$R$31/2 -> 0 | X56: =T56*$R$31/2 -> 0 | Z56: =IF(S56=0,0,$AD$31*$AP$22) -> 0 | AA56: =IFERROR(Z56/$R$31,0) -> 0 | AB56: =Z56*($F$22+IF($F$22=0,0,($C$14+$C$15+IF($C$13="single",1.5,3)+3)/12)) -> 0 | AC56: =AB56-W56 -> 0 | AD56: {=IFERROR(IF(AC56<0,0,AC56/($R$31-INDEX(hd_off,MATCH(AQ56,hd_mark,0),0)/12)),0)} -> 0 | AE56: =IF(S56=0,0,$AD$31*$AM$22) -> 0 | AF56: =IFERROR(AE56/$R$31,0) -> 0 | AG56: =AE56*($F$22+IF($F$22=0,0,($C$14+$C$15+IF($C$13="single",1.5,3)+3)/12)) -> 0 | AH56: =AG56-X56 -> 0 | AI56: {=IFERROR(IF(AH56<0,0,AH56/($R$31-INDEX(hd_off,MATCH(AQ56,hd_mark,0),0)/12)),0)} -> 0 | AJ56: =MAX($F$22,$Z$31)/$Q$52 -> 0.30172414 | AK56: =IF(AJ56=0,0,IF(AJ56>2,1.25-0.125*AJ56,1)) -> 1 | AL56: {=IFERROR(INDEX(sheath_ecap_asd,MATCH(AP56,sheath_mark,0),0)*AK56,0)} -> 0 | AM56: {=IFERROR(INDEX(sheath_wcap_asd,MATCH(AP56,sheath_mark,0),0)*AK56,0)} -> 0 | AN56: {=IFERROR(INDEX(hd_cap,MATCH(AQ56,hd_mark,0),0),0)} -> 0 | AU56: =$Q$22 -> L3 | AV56: =$E$22 -> 21.375 | AW56: {=IFERROR(IF(AV56=0,0,(INDEX($C$33:$C$38,MATCH($AZ$31,$B$33:$B$38,0),0)*(AV59+$BA$31)+$AW$31*COUNTIF(AV56:AV58,">0")*$C$32+$AY$31*$C$31)*$AU$31),0)} -> 0 | AX56: =IF(AV56=0,0,-(COUNTIF(AV56:AV58,">0")*$AW$31*$C$32+$AY$31*$C$31)*$H$27*$AU$31) -> 0 | AY56: =IF(AV56=0,0,$AY$31*$H$26*$AU$31) -> 0 | AZ56: =(0.6*AW56+0.7*AX56)*$AU$31/2 -> 0 | BA56: =AW56*$AU$31/2 -> 0 | BC56: =IF(AV56=0,0,$BG$31*$AP$22) -> 0 | BD56: =IFERROR(BC56/$AU$31,0) -> 0 | BE56: =BC56*($F$22+IF($F$22=0,0,($C$14+$C$15+IF($C$13="single",1.5,3)+3)/12)) -> 0 | BF56: =BE56-AZ56 -> 0 | BG56: {=IFERROR(IF(BF56<0,0,BF56/($AU$31-INDEX(hd_off,MATCH(BT56,hd_mark,0),0)/12)),0)} -> 0 | BH56: =IF(AV56=0,0,$BG$31*$AM$22) -> 0 | BI56: =IFERROR(BH56/$AU$31,0) -> 0 | BJ56: =BH56*($F$22+IF($F$22=0,0,($C$14+$C$15+IF($C$13="single",1.5,3)+3)/12)) -> 0 | BK56: =BJ56-BA56 -> 0 | BL56: {=IFERROR(IF(BK56<0,0,BK56/($AU$31-INDEX(hd_off,MATCH(BT56,hd_mark,0),0)/12)),0)} -> 0 | BM56: =MAX($F$22,$BC$31)/$Q$52 -> 0.30172414 | BN56: =IF(BM56=0,0,IF(BM56>2,1.25-0.125*BM56,1)) -> 1 | BO56: {=IFERROR(INDEX(sheath_ecap_asd,MATCH(BS56,sheath_mark,0),0)*BN56,0)} -> 0 | BP56: {=IFERROR(INDEX(sheath_wcap_asd,MATCH(BS56,sheath_mark,0),0)*BN56,0)} -> 0 | BQ56: {=IFERROR(INDEX(hd_cap,MATCH(BT56,hd_mark,0),0),0)} -> 0
B57: P | E57: =C57+D57 -> 0 | H57: 16 | K57: =I57+J57 -> 0 | Q57: Length | R57: =$Q$23 -> L4 | S57: =$E$23 -> 0 | T57: {=IFERROR(IF(S57=0,0,(INDEX($C$33:$C$38,MATCH($W$31,$B$33:$B$38,0),0)*(S59+$X$31)+$T$31*COUNTIF(S57:S58,">0")*$C$32+$V$31*$C$31)*$R$31),0)} -> 0 | U57: =IF(S57=0,0,-(COUNTIF(S57:S58,">0")*$T$31*$C$32+$V$31*$C$31)*$H$27*$R$31) -> 0 | V57: =IF(S57=0,0,$V$31*$H$26*$R$31) -> 0 | W57: =(0.6*T57+0.7*U57)*$R$31/2 -> 0 | X57: =T57*$R$31/2 -> 0 | Z57: =IF(S57=0,0,$AD$31*$AP$23) -> 0 | AA57: =IFERROR(Z57/$R$31,0) -> 0 | AB57: =Z57*($F$23+IF($F$23=0,0,($C$14+$C$15+IF($C$13="single",1.5,3)+3)/12)) -> 0 | AC57: =AB57-W57 -> 0 | AD57: {=IFERROR(IF(AC57<0,0,AC57/($R$31-INDEX(hd_off,MATCH(AQ57,hd_mark,0),0)/12)),0)} -> 0 | AE57: =IF(S57=0,0,$AD$31*$AM$23) -> 0 | AF57: =IFERROR(AE57/$R$31,0) -> 0 | AG57: =AE57*($F$23+IF($F$23=0,0,($C$14+$C$15+IF($C$13="single",1.5,3)+3)/12)) -> 0 | AH57: =AG57-X57 -> 0 | AI57: {=IFERROR(IF(AH57<0,0,AH57/($R$31-INDEX(hd_off,MATCH(AQ57,hd_mark,0),0)/12)),0)} -> 0 | AJ57: =MAX($F$23,$AA$31)/$Q$52 -> 0 | AK57: =IF(AJ57=0,0,IF(AJ57>2,1.25-0.125*AJ57,1)) -> 0 | AL57: {=IFERROR(INDEX(sheath_ecap_asd,MATCH(AP57,sheath_mark,0),0)*AK57,0)} -> 0 | AM57: {=IFERROR(INDEX(sheath_wcap_asd,MATCH(AP57,sheath_mark,0),0)*AK57,0)} -> 0 | AN57: {=IFERROR(INDEX(hd_cap,MATCH(AQ57,hd_mark,0),0),0)} -> 0 | AT57: Length | AU57: =$Q$23 -> L4 | AV57: =$E$23 -> 0 | AW57: {=IFERROR(IF(AV57=0,0,(INDEX($C$33:$C$38,MATCH($AZ$31,$B$33:$B$38,0),0)*(AV59+$BA$31)+$AW$31*COUNTIF(AV57:AV58,">0")*$C$32+$AY$31*$C$31)*$AU$31),0)} -> 0 | AX57: =IF(AV57=0,0,-(COUNTIF(AV57:AV58,">0")*$AW$31*$C$32+$AY$31*$C$31)*$H$27*$AU$31) -> 0 | AY57: =IF(AV57=0,0,$AY$31*$H$26*$AU$31) -> 0 | AZ57: =(0.6*AW57+0.7*AX57)*$AU$31/2 -> 0 | BA57: =AW57*$AU$31/2 -> 0 | BC57: =IF(AV57=0,0,$BG$31*$AP$23) -> 0 | BD57: =IFERROR(BC57/$AU$31,0) -> 0 | BE57: =BC57*($F$23+IF($F$23=0,0,($C$14+$C$15+IF($C$13="single",1.5,3)+3)/12)) -> 0 | BF57: =BE57-AZ57 -> 0 | BG57: {=IFERROR(IF(BF57<0,0,BF57/($AU$31-INDEX(hd_off,MATCH(BT57,hd_mark,0),0)/12)),0)} -> 0 | BH57: =IF(AV57=0,0,$BG$31*$AM$23) -> 0 | BI57: =IFERROR(BH57/$AU$31,0) -> 0 | BJ57: =BH57*($F$23+IF($F$23=0,0,($C$14+$C$15+IF($C$13="single",1.5,3)+3)/12)) -> 0 | BK57: =BJ57-BA57 -> 0 | BL57: {=IFERROR(IF(BK57<0,0,BK57/($AU$31-INDEX(hd_off,MATCH(BT57,hd_mark,0),0)/12)),0)} -> 0 | BM57: =MAX($F$23,$BD$31)/$Q$52 -> 0 | BN57: =IF(BM57=0,0,IF(BM57>2,1.25-0.125*BM57,1)) -> 0 | BO57: {=IFERROR(INDEX(sheath_ecap_asd,MATCH(BS57,sheath_mark,0),0)*BN57,0)} -> 0 | BP57: {=IFERROR(INDEX(sheath_wcap_asd,MATCH(BS57,sheath_mark,0),0)*BN57,0)} -> 0 | BQ57: {=IFERROR(INDEX(hd_cap,MATCH(BT57,hd_mark,0),0),0)} -> 0
B58: Q | E58: =C58+D58 -> 0 | H58: 17 | K58: =I58+J58 -> 0 | Q58: =$R$31 -> 0 | R58: =$Q$24 -> L5 | S58: =$E$24 -> 0 | T58: {=IFERROR(IF(S58=0,0,(INDEX($C$33:$C$38,MATCH($W$31,$B$33:$B$38,0),0)*(S59+$X$31)+$T$31*COUNTIF(S58:S58,">0")*$C$32+$V$31*$C$31)*$R$31),0)} -> 0 | U58: =IF(S58=0,0,-(COUNTIF(S58:S58,">0")*$T$31*$C$32+$V$31*$C$31)*$H$27*$R$31) -> 0 | V58: =IF(S58=0,0,$V$31*$H$26*$R$31) -> 0 | W58: =(0.6*T58+0.7*U58)*$R$31/2 -> 0 | X58: =T58*$R$31/2 -> 0 | Z58: =IF(S58=0,0,$AD$31*$AP$24) -> 0 | AA58: =IFERROR(Z58/$R$31,0) -> 0 | AB58: =Z58*($F$24+IF($F$24=0,0,($C$14+$C$15+IF($C$13="single",1.5,3)+3)/12)) -> 0 | AC58: =AB58-W58 -> 0 | AD58: {=IFERROR(IF(AC58<0,0,AC58/($R$31-INDEX(hd_off,MATCH(AQ58,hd_mark,0),0)/12)),0)} -> 0 | AE58: =IF(S58=0,0,$AD$31*$AM$24) -> 0 | AF58: =IFERROR(AE58/$R$31,0) -> 0 | AG58: =AE58*($F$24+IF($F$24=0,0,($C$14+$C$15+IF($C$13="single",1.5,3)+3)/12)) -> 0 | AH58: =AG58-X58 -> 0 | AI58: {=IFERROR(IF(AH58<0,0,AH58/($R$31-INDEX(hd_off,MATCH(AQ58,hd_mark,0),0)/12)),0)} -> 0 | AJ58: =MAX($F$24,$AB$31)/$Q$52 -> 0 | AK58: =IF(AJ58=0,0,IF(AJ58>2,1.25-0.125*AJ58,1)) -> 0 | AL58: {=IFERROR(INDEX(sheath_ecap_asd,MATCH(AP58,sheath_mark,0),0)*AK58,0)} -> 0 | AM58: {=IFERROR(INDEX(sheath_wcap_asd,MATCH(AP58,sheath_mark,0),0)*AK58,0)} -> 0 | AN58: {=IFERROR(INDEX(hd_cap,MATCH(AQ58,hd_mark,0),0),0)} -> 0 | AT58: =$R$31 -> 0 | AU58: =$Q$24 -> L5 | AV58: =$E$24 -> 0 | AW58: {=IFERROR(IF(AV58=0,0,(INDEX($C$33:$C$38,MATCH($AZ$31,$B$33:$B$38,0),0)*(AV59+$BA$31)+$AW$31*COUNTIF(AV58:AV58,">0")*$C$32+$AY$31*$C$31)*$AU$31),0)} -> 0 | AX58: =IF(AV58=0,0,-(COUNTIF(AV58:AV58,">0")*$AW$31*$C$32+$AY$31*$C$31)*$H$27*$AU$31) -> 0 | AY58: =IF(AV58=0,0,$AY$31*$H$26*$AU$31) -> 0 | AZ58: =(0.6*AW58+0.7*AX58)*$AU$31/2 -> 0 | BA58: =AW58*$AU$31/2 -> 0 | BC58: =IF(AV58=0,0,$BG$31*$AP$24) -> 0 | BD58: =IFERROR(BC58/$AU$31,0) -> 0 | BE58: =BC58*($F$24+IF($F$24=0,0,($C$14+$C$15+IF($C$13="single",1.5,3)+3)/12)) -> 0 | BF58: =BE58-AZ58 -> 0 | BG58: {=IFERROR(IF(BF58<0,0,BF58/($AU$31-INDEX(hd_off,MATCH(BT58,hd_mark,0),0)/12)),0)} -> 0 | BH58: =IF(AV58=0,0,$BG$31*$AM$24) -> 0 | BI58: =IFERROR(BH58/$AU$31,0) -> 0 | BJ58: =BH58*($F$24+IF($F$24=0,0,($C$14+$C$15+IF($C$13="single",1.5,3)+3)/12)) -> 0 | BK58: =BJ58-BA58 -> 0 | BL58: {=IFERROR(IF(BK58<0,0,BK58/($AU$31-INDEX(hd_off,MATCH(BT58,hd_mark,0),0)/12)),0)} -> 0 | BM58: =MAX($F$24,$BE$31)/$Q$52 -> 0 | BN58: =IF(BM58=0,0,IF(BM58>2,1.25-0.125*BM58,1)) -> 0 | BO58: {=IFERROR(INDEX(sheath_ecap_asd,MATCH(BS58,sheath_mark,0),0)*BN58,0)} -> 0 | BP58: {=IFERROR(INDEX(sheath_wcap_asd,MATCH(BS58,sheath_mark,0),0)*BN58,0)} -> 0 | BQ58: {=IFERROR(INDEX(hd_cap,MATCH(BT58,hd_mark,0),0),0)} -> 0
B59: R | E59: =C59+D59 -> 0 | H59: 18 | K59: =I59+J59 -> 0 | R59: =$Q$25 -> Roof | S59: =$E$25 -> 33.171875 | T59: {=IFERROR(IF(S59=0,0,(INDEX($C$33:$C$38,MATCH($W$31,$B$33:$B$38,0),0)*(S59+$X$31)+$V$31*$C$31)*$R$31),0)} -> 0 | U59: =IF(S59=0,0,-$V$31*$C$31*$H$27*$R$31) -> 0 | V59: =IF(S59=0,0,$V$31*$H$26*$R$31) -> 0 | W59: =(0.6*T59+0.7*U59)*$R$31/2 -> 0 | X59: =T59*$R$31/2 -> 0 | Z59: =IF(S59=0,0,$AD$31*$AP$25) -> 0 | AA59: =IFERROR(Z59/$R$31,0) -> 0 | AB59: =Z59*($F$25+($C$16+$C$17+IF($C$13="single",1.5,3)+3)/12) -> 0 | AC59: =AB59-W59 -> 0 | AD59: {=IFERROR(IF(AC59<0,0,AC59/($R$31-INDEX(hd_off,MATCH(AQ59,hd_mark,0),0)/12)),0)} -> 0 | AE59: =IF(S59=0,0,$AD$31*$AM$25) -> 0 | AF59: =IFERROR(AE59/$R$31,0) -> 0 | AG59: =AE59*($F$25+($C$16+$C$17+IF($C$13="single",1.5,3)+3)/12) -> 0 | AH59: =AG59-X59 -> 0 | AI59: {=IFERROR(IF(AH59<0,0,AH59/($R$31-INDEX(hd_off,MATCH(AQ59,hd_mark,0),0)/12)),0)} -> 0 | AJ59: =MAX($F$25,$AC$31)/$Q$52 -> 0.29920977 | AK59: =IF(AJ59=0,0,IF(AJ59>2,1.25-0.125*AJ59,1)) -> 1 | AL59: {=IFERROR(INDEX(sheath_ecap_asd,MATCH(AP59,sheath_mark,0),0)*AK59,0)} -> 0 | AM59: {=IFERROR(INDEX(sheath_wcap_asd,MATCH(AP59,sheath_mark,0),0)*AK59,0)} -> 0 | AN59: {=IFERROR(INDEX(hd_cap,MATCH(AQ59,hd_mark,0),0),0)} -> 0 | AU59: =$Q$25 -> Roof | AV59: =$E$25 -> 33.171875 | AW59: {=IFERROR(IF(AV59=0,0,(INDEX($C$33:$C$38,MATCH($AZ$31,$B$33:$B$38,0),0)*(AV59+$BA$31)+$AY$31*$C$31)*$AU$31),0)} -> 0 | AX59: =IF(AV59=0,0,-$AY$31*$C$31*$H$27*$AU$31) -> 0 | AY59: =IF(AV59=0,0,$AY$31*$H$26*$AU$31) -> 0 | AZ59: =(0.6*AW59+0.7*AX59)*$AU$31/2 -> 0 | BA59: =AW59*$AU$31/2 -> 0 | BC59: =IF(AV59=0,0,$BG$31*$AP$25) -> 0 | BD59: =IFERROR(BC59/$AU$31,0) -> 0 | BE59: =BC59*($F$25+($C$16+$C$17+IF($C$13="single",1.5,3)+3)/12) -> 0 | BF59: =BE59-AZ59 -> 0 | BG59: {=IFERROR(IF(BF59<0,0,BF59/($AU$31-INDEX(hd_off,MATCH(BT59,hd_mark,0),0)/12)),0)} -> 0 | BH59: =IF(AV59=0,0,$BG$31*$AM$25) -> 0 | BI59: =IFERROR(BH59/$AU$31,0) -> 0 | BJ59: =BH59*($F$25+($C$16+$C$17+IF($C$13="single",1.5,3)+3)/12) -> 0 | BK59: =BJ59-BA59 -> 0 | BL59: {=IFERROR(IF(BK59<0,0,BK59/($AU$31-INDEX(hd_off,MATCH(BT59,hd_mark,0),0)/12)),0)} -> 0 | BM59: =MAX($F$25,$BF$31)/$Q$52 -> 0.29920977 | BN59: =IF(BM59=0,0,IF(BM59>2,1.25-0.125*BM59,1)) -> 1 | BO59: {=IFERROR(INDEX(sheath_ecap_asd,MATCH(BS59,sheath_mark,0),0)*BN59,0)} -> 0 | BP59: {=IFERROR(INDEX(sheath_wcap_asd,MATCH(BS59,sheath_mark,0),0)*BN59,0)} -> 0 | BQ59: {=IFERROR(INDEX(hd_cap,MATCH(BT59,hd_mark,0),0),0)} -> 0
B60: S | E60: =C60+D60 -> 0 | H60: 19 | K60: =I60+J60 -> 0
B61: T | E61: =C61+D61 -> 0 | H61: 20 | K61: =I61+J61 -> 0 | Q61: =$Q$32 -> A.03 | R61: =$Q$21 -> L2 | S61: =$E$21 -> 10.6875 | T61: {=IFERROR(IF(S61=0,0,(INDEX($C$33:$C$38,MATCH($W$32,$B$33:$B$38,0),0)*(S65+$X$32)+$T$32*COUNTIF(S61:S64,">0")*$C$32+$V$32*$C$31)*$R$32),0)} -> 0 | U61: =IF(S61=0,0,-(COUNTIF(S61:S64,">0")*$T$32*$C$32+$V$32*$C$31)*$H$27*$R$32) -> 0 | V61: =IF(S61=0,0,$V$32*$H$26*$R$32) -> 0 | W61: =(0.6*T61+0.7*U61)*$R$32/2 -> 0 | X61: =(0.6*T61+0.6*V61)*$R$32/2 -> 0 | Z61: =IF(S61=0,0,$AD$32*$AP$21) -> 0 | AA61: =IFERROR(Z61/$R$32,0) -> 0 | AB61: =Z61*($F$21+IF($F$21=0,0,($C$14+$C$15+IF($C$13="single",1.5,3)+3)/12)) -> 0 | AC61: =AB61-W61 -> 0 | AD61: {=IFERROR(IF(AC61<0,0,AC61/($R$32-INDEX(hd_off,MATCH(AQ61,hd_mark,0),0)/12)),0)} -> 0 | AE61: =IF(S61=0,0,$AD$32*$AM$21) -> 0 | AF61: =IFERROR(AE61/$R$32,0) -> 0 | AG61: =AE61*($F$21+IF($F$21=0,0,($C$14+$C$15+IF($C$13="single",1.5,3)+3)/12)) -> 0 | AH61: =AG61-X61 -> 0 | AI61: {=IFERROR(IF(AH61<0,0,AH61/($R$32-INDEX(hd_off,MATCH(AQ61,hd_mark,0),0)/12)),0)} -> 0 | AJ61: =MAX($F$21,$Y$32)/$Q$52 -> 0.30172414 | AK61: =IF(AJ61=0,0,IF(AJ61>2,1.25-0.125*AJ61,1)) -> 1 | AL61: {=IFERROR(INDEX(sheath_ecap_asd,MATCH(AP61,sheath_mark,0),0)*AK61,0)} -> 0 | AM61: {=IFERROR(INDEX(sheath_wcap_asd,MATCH(AP61,sheath_mark,0),0)*AK61,0)} -> 0 | AN61: {=IFERROR(INDEX(hd_cap,MATCH(AQ61,hd_mark,0),0),0)} -> 0 | AT61: =$AT$32 -> 1.03 | AU61: =$Q$21 -> L2 | AV61: =$E$21 -> 10.6875 | AW61: {=IFERROR(IF(AV61=0,0,(INDEX($C$33:$C$38,MATCH($AZ$32,$B$33:$B$38,0),0)*(AV65+$BA$32)+$AW$32*COUNTIF(AV61:AV64,">0")*$C$32+$AY$32*$C$31)*$AU$32),0)} -> 0 | AX61: =IF(AV61=0,0,-(COUNTIF(AV61:AV64,">0")*$AW$32*$C$32+$AY$32*$C$31)*$H$27*$AU$32) -> 0 | AY61: =IF(AV61=0,0,$AY$32*$H$26*$AU$32) -> 0 | AZ61: =(0.6*AW61+0.7*AX61)*$AU$32/2 -> 0 | BA61: =(0.6*AW61+0.6*AY61)*$AU$32/2 -> 0 | BC61: =IF(AV61=0,0,$BG$32*$AP$21) -> 0 | BD61: =IFERROR(BC61/$AU$32,0) -> 0 | BE61: =BC61*($F$21+IF($F$21=0,0,($C$14+$C$15+IF($C$13="single",1.5,3)+3)/12)) -> 0 | BF61: =BE61-AZ61 -> 0 | BG61: {=IFERROR(IF(BF61<0,0,BF61/($AU$32-INDEX(hd_off,MATCH(BT61,hd_mark,0),0)/12)),0)} -> 0 | BH61: =IF(AV61=0,0,$BG$32*$AM$21) -> 0 | BI61: =IFERROR(BH61/$AU$32,0) -> 0 | BJ61: =BH61*($F$21+IF($F$21=0,0,($C$14+$C$15+IF($C$13="single",1.5,3)+3)/12)) -> 0 | BK61: =BJ61-BA61 -> 0 | BL61: {=IFERROR(IF(BK61<0,0,BK61/($AU$32-INDEX(hd_off,MATCH(BT61,hd_mark,0),0)/12)),0)} -> 0 | BM61: =MAX($F$21,$BB$32)/$Q$52 -> 0.30172414 | BN61: =IF(BM61=0,0,IF(BM61>2,1.25-0.125*BM61,1)) -> 1 | BO61: {=IFERROR(INDEX(sheath_ecap_asd,MATCH(BS61,sheath_mark,0),0)*BN61,0)} -> 0 | BP61: {=IFERROR(INDEX(sheath_wcap_asd,MATCH(BS61,sheath_mark,0),0)*BN61,0)} -> 0 | BQ61: {=IFERROR(INDEX(hd_cap,MATCH(BT61,hd_mark,0),0),0)} -> 0
B62: U | E62: =C62+D62 -> 0 | H62: 21 | K62: =I62+J62 -> 0 | R62: =$Q$22 -> L3 | S62: =$E$22 -> 21.375 | T62: {=IFERROR(IF(S62=0,0,(INDEX($C$33:$C$38,MATCH($W$32,$B$33:$B$38,0),0)*(S65+$X$32)+$T$32*COUNTIF(S62:S64,">0")*$C$32+$V$32*$C$31)*$R$32),0)} -> 0 | U62: =IF(S62=0,0,-(COUNTIF(S62:S64,">0")*$T$32*$C$32+$V$32*$C$31)*$H$27*$R$32) -> 0 | V62: =IF(S62=0,0,$V$32*$H$26*$R$32) -> 0 | W62: =(0.6*T62+0.7*U62)*$R$32/2 -> 0 | X62: =T62*$R$32/2 -> 0 | Z62: =IF(S62=0,0,$AD$32*$AP$22) -> 0 | AA62: =IFERROR(Z62/$R$32,0) -> 0 | AB62: =Z62*($F$22+IF($F$22=0,0,($C$14+$C$15+IF($C$13="single",1.5,3)+3)/12)) -> 0 | AC62: =AB62-W62 -> 0 | AD62: {=IFERROR(IF(AC62<0,0,AC62/($R$32-INDEX(hd_off,MATCH(AQ62,hd_mark,0),0)/12)),0)} -> 0 | AE62: =IF(S62=0,0,$AD$32*$AM$22) -> 0 | AF62: =IFERROR(AE62/$R$32,0) -> 0 | AG62: =AE62*($F$22+IF($F$22=0,0,($C$14+$C$15+IF($C$13="single",1.5,3)+3)/12)) -> 0 | AH62: =AG62-X62 -> 0 | AI62: {=IFERROR(IF(AH62<0,0,AH62/($R$32-INDEX(hd_off,MATCH(AQ62,hd_mark,0),0)/12)),0)} -> 0 | AJ62: =MAX($F$22,$Z$32)/$Q$52 -> 0.30172414 | AK62: =IF(AJ62=0,0,IF(AJ62>2,1.25-0.125*AJ62,1)) -> 1 | AL62: {=IFERROR(INDEX(sheath_ecap_asd,MATCH(AP62,sheath_mark,0),0)*AK62,0)} -> 0 | AM62: {=IFERROR(INDEX(sheath_wcap_asd,MATCH(AP62,sheath_mark,0),0)*AK62,0)} -> 0 | AN62: {=IFERROR(INDEX(hd_cap,MATCH(AQ62,hd_mark,0),0),0)} -> 0 | AU62: =$Q$22 -> L3 | AV62: =$E$22 -> 21.375 | AW62: {=IFERROR(IF(AV62=0,0,(INDEX($C$33:$C$38,MATCH($AZ$32,$B$33:$B$38,0),0)*(AV65+$BA$32)+$AW$32*COUNTIF(AV62:AV64,">0")*$C$32+$AY$32*$C$31)*$AU$32),0)} -> 0 | AX62: =IF(AV62=0,0,-(COUNTIF(AV62:AV64,">0")*$AW$32*$C$32+$AY$32*$C$31)*$H$27*$AU$32) -> 0 | AY62: =IF(AV62=0,0,$AY$32*$H$26*$AU$32) -> 0 | AZ62: =(0.6*AW62+0.7*AX62)*$AU$32/2 -> 0 | BA62: =AW62*$AU$32/2 -> 0 | BC62: =IF(AV62=0,0,$BG$32*$AP$22) -> 0 | BD62: =IFERROR(BC62/$AU$32,0) -> 0 | BE62: =BC62*($F$22+IF($F$22=0,0,($C$14+$C$15+IF($C$13="single",1.5,3)+3)/12)) -> 0 | BF62: =BE62-AZ62 -> 0 | BG62: {=IFERROR(IF(BF62<0,0,BF62/($AU$32-INDEX(hd_off,MATCH(BT62,hd_mark,0),0)/12)),0)} -> 0 | BH62: =IF(AV62=0,0,$BG$32*$AM$22) -> 0 | BI62: =IFERROR(BH62/$AU$32,0) -> 0 | BJ62: =BH62*($F$22+IF($F$22=0,0,($C$14+$C$15+IF($C$13="single",1.5,3)+3)/12)) -> 0 | BK62: =BJ62-BA62 -> 0 | BL62: {=IFERROR(IF(BK62<0,0,BK62/($AU$32-INDEX(hd_off,MATCH(BT62,hd_mark,0),0)/12)),0)} -> 0 | BM62: =MAX($F$22,$BC$32)/$Q$52 -> 0.30172414 | BN62: =IF(BM62=0,0,IF(BM62>2,1.25-0.125*BM62,1)) -> 1 | BO62: {=IFERROR(INDEX(sheath_ecap_asd,MATCH(BS62,sheath_mark,0),0)*BN62,0)} -> 0 | BP62: {=IFERROR(INDEX(sheath_wcap_asd,MATCH(BS62,sheath_mark,0),0)*BN62,0)} -> 0 | BQ62: {=IFERROR(INDEX(hd_cap,MATCH(BT62,hd_mark,0),0),0)} -> 0
B63: V | E63: =C63+D63 -> 0 | H63: 22 | K63: =I63+J63 -> 0 | Q63: Length | R63: =$Q$23 -> L4 | S63: =$E$23 -> 0 | T63: {=IFERROR(IF(S63=0,0,(INDEX($C$33:$C$38,MATCH($W$32,$B$33:$B$38,0),0)*(S65+$X$32)+$T$32*COUNTIF(S63:S64,">0")*$C$32+$V$32*$C$31)*$R$32),0)} -> 0 | U63: =IF(S63=0,0,-(COUNTIF(S63:S64,">0")*$T$32*$C$32+$V$32*$C$31)*$H$27*$R$32) -> 0 | V63: =IF(S63=0,0,$V$32*$H$26*$R$32) -> 0 | W63: =(0.6*T63+0.7*U63)*$R$32/2 -> 0 | X63: =T63*$R$32/2 -> 0 | Z63: =IF(S63=0,0,$AD$32*$AP$23) -> 0 | AA63: =IFERROR(Z63/$R$32,0) -> 0 | AB63: =Z63*($F$23+IF($F$23=0,0,($C$14+$C$15+IF($C$13="single",1.5,3)+3)/12)) -> 0 | AC63: =AB63-W63 -> 0 | AD63: {=IFERROR(IF(AC63<0,0,AC63/($R$32-INDEX(hd_off,MATCH(AQ63,hd_mark,0),0)/12)),0)} -> 0 | AE63: =IF(S63=0,0,$AD$32*$AM$23) -> 0 | AF63: =IFERROR(AE63/$R$32,0) -> 0 | AG63: =AE63*($F$23+IF($F$23=0,0,($C$14+$C$15+IF($C$13="single",1.5,3)+3)/12)) -> 0 | AH63: =AG63-X63 -> 0 | AI63: {=IFERROR(IF(AH63<0,0,AH63/($R$32-INDEX(hd_off,MATCH(AQ63,hd_mark,0),0)/12)),0)} -> 0 | AJ63: =MAX($F$23,$AA$32)/$Q$52 -> 0 | AK63: =IF(AJ63=0,0,IF(AJ63>2,1.25-0.125*AJ63,1)) -> 0 | AL63: {=IFERROR(INDEX(sheath_ecap_asd,MATCH(AP63,sheath_mark,0),0)*AK63,0)} -> 0 | AM63: {=IFERROR(INDEX(sheath_wcap_asd,MATCH(AP63,sheath_mark,0),0)*AK63,0)} -> 0 | AN63: {=IFERROR(INDEX(hd_cap,MATCH(AQ63,hd_mark,0),0),0)} -> 0 | AT63: Length | AU63: =$Q$23 -> L4 | AV63: =$E$23 -> 0 | AW63: {=IFERROR(IF(AV63=0,0,(INDEX($C$33:$C$38,MATCH($AZ$32,$B$33:$B$38,0),0)*(AV65+$BA$32)+$AW$32*COUNTIF(AV63:AV64,">0")*$C$32+$AY$32*$C$31)*$AU$32),0)} -> 0 | AX63: =IF(AV63=0,0,-(COUNTIF(AV63:AV64,">0")*$AW$32*$C$32+$AY$32*$C$31)*$H$27*$AU$32) -> 0 | AY63: =IF(AV63=0,0,$AY$32*$H$26*$AU$32) -> 0 | AZ63: =(0.6*AW63+0.7*AX63)*$AU$32/2 -> 0 | BA63: =AW63*$AU$32/2 -> 0 | BC63: =IF(AV63=0,0,$BG$32*$AP$23) -> 0 | BD63: =IFERROR(BC63/$AU$32,0) -> 0 | BE63: =BC63*($F$23+IF($F$23=0,0,($C$14+$C$15+IF($C$13="single",1.5,3)+3)/12)) -> 0 | BF63: =BE63-AZ63 -> 0 | BG63: {=IFERROR(IF(BF63<0,0,BF63/($AU$32-INDEX(hd_off,MATCH(BT63,hd_mark,0),0)/12)),0)} -> 0 | BH63: =IF(AV63=0,0,$BG$32*$AM$23) -> 0 | BI63: =IFERROR(BH63/$AU$32,0) -> 0 | BJ63: =BH63*($F$23+IF($F$23=0,0,($C$14+$C$15+IF($C$13="single",1.5,3)+3)/12)) -> 0 | BK63: =BJ63-BA63 -> 0 | BL63: {=IFERROR(IF(BK63<0,0,BK63/($AU$32-INDEX(hd_off,MATCH(BT63,hd_mark,0),0)/12)),0)} -> 0 | BM63: =MAX($F$23,$BD$32)/$Q$52 -> 0 | BN63: =IF(BM63=0,0,IF(BM63>2,1.25-0.125*BM63,1)) -> 0 | BO63: {=IFERROR(INDEX(sheath_ecap_asd,MATCH(BS63,sheath_mark,0),0)*BN63,0)} -> 0 | BP63: {=IFERROR(INDEX(sheath_wcap_asd,MATCH(BS63,sheath_mark,0),0)*BN63,0)} -> 0 | BQ63: {=IFERROR(INDEX(hd_cap,MATCH(BT63,hd_mark,0),0),0)} -> 0
B64: W | E64: =C64+D64 -> 0 | H64: 23 | K64: =I64+J64 -> 0 | Q64: =$R$32 -> 0 | R64: =$Q$24 -> L5 | S64: =$E$24 -> 0 | T64: {=IFERROR(IF(S64=0,0,(INDEX($C$33:$C$38,MATCH($W$32,$B$33:$B$38,0),0)*(S65+$X$32)+$T$32*COUNTIF(S64:S64,">0")*$C$32+$V$32*$C$31)*$R$32),0)} -> 0 | U64: =IF(S64=0,0,-(COUNTIF(S64:S64,">0")*$T$32*$C$32+$V$32*$C$31)*$H$27*$R$32) -> 0 | V64: =IF(S64=0,0,$V$32*$H$26*$R$32) -> 0 | W64: =(0.6*T64+0.7*U64)*$R$32/2 -> 0 | X64: =T64*$R$32/2 -> 0 | Z64: =IF(S64=0,0,$AD$32*$AP$24) -> 0 | AA64: =IFERROR(Z64/$R$32,0) -> 0 | AB64: =Z64*($F$24+IF($F$24=0,0,($C$14+$C$15+IF($C$13="single",1.5,3)+3)/12)) -> 0 | AC64: =AB64-W64 -> 0 | AD64: {=IFERROR(IF(AC64<0,0,AC64/($R$32-INDEX(hd_off,MATCH(AQ64,hd_mark,0),0)/12)),0)} -> 0 | AE64: =IF(S64=0,0,$AD$32*$AM$24) -> 0 | AF64: =IFERROR(AE64/$R$32,0) -> 0 | AG64: =AE64*($F$24+IF($F$24=0,0,($C$14+$C$15+IF($C$13="single",1.5,3)+3)/12)) -> 0 | AH64: =AG64-X64 -> 0 | AI64: {=IFERROR(IF(AH64<0,0,AH64/($R$32-INDEX(hd_off,MATCH(AQ64,hd_mark,0),0)/12)),0)} -> 0 | AJ64: =MAX($F$24,$AB$32)/$Q$52 -> 0 | AK64: =IF(AJ64=0,0,IF(AJ64>2,1.25-0.125*AJ64,1)) -> 0 | AL64: {=IFERROR(INDEX(sheath_ecap_asd,MATCH(AP64,sheath_mark,0),0)*AK64,0)} -> 0 | AM64: {=IFERROR(INDEX(sheath_wcap_asd,MATCH(AP64,sheath_mark,0),0)*AK64,0)} -> 0 | AN64: {=IFERROR(INDEX(hd_cap,MATCH(AQ64,hd_mark,0),0),0)} -> 0 | AT64: =$R$32 -> 0 | AU64: =$Q$24 -> L5 | AV64: =$E$24 -> 0 | AW64: {=IFERROR(IF(AV64=0,0,(INDEX($C$33:$C$38,MATCH($AZ$32,$B$33:$B$38,0),0)*(AV65+$BA$32)+$AW$32*COUNTIF(AV64:AV64,">0")*$C$32+$AY$32*$C$31)*$AU$32),0)} -> 0 | AX64: =IF(AV64=0,0,-(COUNTIF(AV64:AV64,">0")*$AW$32*$C$32+$AY$32*$C$31)*$H$27*$AU$32) -> 0 | AY64: =IF(AV64=0,0,$AY$32*$H$26*$AU$32) -> 0 | AZ64: =(0.6*AW64+0.7*AX64)*$AU$32/2 -> 0 | BA64: =AW64*$AU$32/2 -> 0 | BC64: =IF(AV64=0,0,$BG$32*$AP$24) -> 0 | BD64: =IFERROR(BC64/$AU$32,0) -> 0 | BE64: =BC64*($F$24+IF($F$24=0,0,($C$14+$C$15+IF($C$13="single",1.5,3)+3)/12)) -> 0 | BF64: =BE64-AZ64 -> 0 | BG64: {=IFERROR(IF(BF64<0,0,BF64/($AU$32-INDEX(hd_off,MATCH(BT64,hd_mark,0),0)/12)),0)} -> 0 | BH64: =IF(AV64=0,0,$BG$32*$AM$24) -> 0 | BI64: =IFERROR(BH64/$AU$32,0) -> 0 | BJ64: =BH64*($F$24+IF($F$24=0,0,($C$14+$C$15+IF($C$13="single",1.5,3)+3)/12)) -> 0 | BK64: =BJ64-BA64 -> 0 | BL64: {=IFERROR(IF(BK64<0,0,BK64/($AU$32-INDEX(hd_off,MATCH(BT64,hd_mark,0),0)/12)),0)} -> 0 | BM64: =MAX($F$24,$BE$32)/$Q$52 -> 0 | BN64: =IF(BM64=0,0,IF(BM64>2,1.25-0.125*BM64,1)) -> 0 | BO64: {=IFERROR(INDEX(sheath_ecap_asd,MATCH(BS64,sheath_mark,0),0)*BN64,0)} -> 0 | BP64: {=IFERROR(INDEX(sheath_wcap_asd,MATCH(BS64,sheath_mark,0),0)*BN64,0)} -> 0 | BQ64: {=IFERROR(INDEX(hd_cap,MATCH(BT64,hd_mark,0),0),0)} -> 0
B65: X | E65: =C65+D65 -> 0 | H65: 24 | K65: =I65+J65 -> 0 | R65: =$Q$25 -> Roof | S65: =$E$25 -> 33.171875 | T65: {=IFERROR(IF(S65=0,0,(INDEX($C$33:$C$38,MATCH($W$32,$B$33:$B$38,0),0)*(S65+$X$32)+$V$32*$C$31)*$R$32),0)} -> 0 | U65: =IF(S65=0,0,-$V$32*$C$31*$H$27*$R$32) -> 0 | V65: =IF(S65=0,0,$V$32*$H$26*$R$32) -> 0 | W65: =(0.6*T65+0.7*U65)*$R$32/2 -> 0 | X65: =T65*$R$32/2 -> 0 | Z65: =IF(S65=0,0,$AD$32*$AP$25) -> 0 | AA65: =IFERROR(Z65/$R$32,0) -> 0 | AB65: =Z65*($F$25+($C$16+$C$17+IF($C$13="single",1.5,3)+3)/12) -> 0 | AC65: =AB65-W65 -> 0 | AD65: {=IFERROR(IF(AC65<0,0,AC65/($R$32-INDEX(hd_off,MATCH(AQ65,hd_mark,0),0)/12)),0)} -> 0 | AE65: =IF(S65=0,0,$AD$32*$AM$25) -> 0 | AF65: =IFERROR(AE65/$R$32,0) -> 0 | AG65: =AE65*($F$25+($C$16+$C$17+IF($C$13="single",1.5,3)+3)/12) -> 0 | AH65: =AG65-X65 -> 0 | AI65: {=IFERROR(IF(AH65<0,0,AH65/($R$32-INDEX(hd_off,MATCH(AQ65,hd_mark,0),0)/12)),0)} -> 0 | AJ65: =MAX($F$25,$AC$32)/$Q$52 -> 0.29920977 | AK65: =IF(AJ65=0,0,IF(AJ65>2,1.25-0.125*AJ65,1)) -> 1 | AL65: {=IFERROR(INDEX(sheath_ecap_asd,MATCH(AP65,sheath_mark,0),0)*AK65,0)} -> 0 | AM65: {=IFERROR(INDEX(sheath_wcap_asd,MATCH(AP65,sheath_mark,0),0)*AK65,0)} -> 0 | AN65: {=IFERROR(INDEX(hd_cap,MATCH(AQ65,hd_mark,0),0),0)} -> 0 | AU65: =$Q$25 -> Roof | AV65: =$E$25 -> 33.171875 | AW65: {=IFERROR(IF(AV65=0,0,(INDEX($C$33:$C$38,MATCH($AZ$32,$B$33:$B$38,0),0)*(AV65+$BA$32)+$AY$32*$C$31)*$AU$32),0)} -> 0 | AX65: =IF(AV65=0,0,-$AY$32*$C$31*$H$27*$AU$32) -> 0 | AY65: =IF(AV65=0,0,$AY$32*$H$26*$AU$32) -> 0 | AZ65: =(0.6*AW65+0.7*AX65)*$AU$32/2 -> 0 | BA65: =AW65*$AU$32/2 -> 0 | BC65: =IF(AV65=0,0,$BG$32*$AP$25) -> 0 | BD65: =IFERROR(BC65/$AU$32,0) -> 0 | BE65: =BC65*($F$25+($C$16+$C$17+IF($C$13="single",1.5,3)+3)/12) -> 0 | BF65: =BE65-AZ65 -> 0 | BG65: {=IFERROR(IF(BF65<0,0,BF65/($AU$32-INDEX(hd_off,MATCH(BT65,hd_mark,0),0)/12)),0)} -> 0 | BH65: =IF(AV65=0,0,$BG$32*$AM$25) -> 0 | BI65: =IFERROR(BH65/$AU$32,0) -> 0 | BJ65: =BH65*($F$25+($C$16+$C$17+IF($C$13="single",1.5,3)+3)/12) -> 0 | BK65: =BJ65-BA65 -> 0 | BL65: {=IFERROR(IF(BK65<0,0,BK65/($AU$32-INDEX(hd_off,MATCH(BT65,hd_mark,0),0)/12)),0)} -> 0 | BM65: =MAX($F$25,$BF$32)/$Q$52 -> 0.29920977 | BN65: =IF(BM65=0,0,IF(BM65>2,1.25-0.125*BM65,1)) -> 1 | BO65: {=IFERROR(INDEX(sheath_ecap_asd,MATCH(BS65,sheath_mark,0),0)*BN65,0)} -> 0 | BP65: {=IFERROR(INDEX(sheath_wcap_asd,MATCH(BS65,sheath_mark,0),0)*BN65,0)} -> 0 | BQ65: {=IFERROR(INDEX(hd_cap,MATCH(BT65,hd_mark,0),0),0)} -> 0
B66: Y | E66: =C66+D66 -> 0 | H66: 25 | K66: =I66+J66 -> 0
B67: Z | E67: =C67+D67 -> 0 | H67: 26 | K67: =I67+J67 -> 0 | Q67: =$Q$33 -> A.04 | R67: =$Q$21 -> L2 | S67: =$E$21 -> 10.6875 | T67: {=IFERROR(IF(S67=0,0,(INDEX($C$33:$C$38,MATCH($W$33,$B$33:$B$38,0),0)*(S71+$X$33)+$T$33*COUNTIF(S67:S70,">0")*$C$32+$V$33*$C$31)*$R$33),0)} -> 0 | U67: =IF(S67=0,0,-(COUNTIF(S67:S70,">0")*$T$33*$C$32+$V$33*$C$31)*$H$27*$R$33) -> 0 | V67: =IF(S67=0,0,$V$33*$H$26*$R$33) -> 0 | W67: =(0.6*T67+0.7*U67)*$R$33/2 -> 0 | X67: =(0.6*T67+0.6*V67)*$R$33/2 -> 0 | Z67: =IF(S67=0,0,$AD$33*$AP$21) -> 0 | AA67: =IFERROR(Z67/$R$33,0) -> 0 | AB67: =Z67*($F$21+IF($F$21=0,0,($C$14+$C$15+IF($C$13="single",1.5,3)+3)/12)) -> 0 | AC67: =AB67-W67 -> 0 | AD67: {=IFERROR(IF(AC67<0,0,AC67/($R$33-INDEX(hd_off,MATCH(AQ67,hd_mark,0),0)/12)),0)} -> 0 | AE67: =IF(S67=0,0,$AD$33*$AM$21) -> 0 | AF67: =IFERROR(AE67/$R$33,0) -> 0 | AG67: =AE67*($F$21+IF($F$21=0,0,($C$14+$C$15+IF($C$13="single",1.5,3)+3)/12)) -> 0 | AH67: =AG67-X67 -> 0 | AI67: {=IFERROR(IF(AH67<0,0,AH67/($R$33-INDEX(hd_off,MATCH(AQ67,hd_mark,0),0)/12)),0)} -> 0 | AJ67: =MAX($F$21,$Y$33)/$Q$52 -> 0.30172414 | AK67: =IF(AJ67=0,0,IF(AJ67>2,1.25-0.125*AJ67,1)) -> 1 | AL67: {=IFERROR(INDEX(sheath_ecap_asd,MATCH(AP67,sheath_mark,0),0)*AK67,0)} -> 0 | AM67: {=IFERROR(INDEX(sheath_wcap_asd,MATCH(AP67,sheath_mark,0),0)*AK67,0)} -> 0 | AN67: {=IFERROR(INDEX(hd_cap,MATCH(AQ67,hd_mark,0),0),0)} -> 0 | AT67: =$AT$33 -> 1.04 | AU67: =$Q$21 -> L2 | AV67: =$E$21 -> 10.6875 | AW67: {=IFERROR(IF(AV67=0,0,(INDEX($C$33:$C$38,MATCH($AZ$33,$B$33:$B$38,0),0)*(AV71+$BA$33)+$AW$33*COUNTIF(AV67:AV70,">0")*$C$32+$AY$33*$C$31)*$AU$33),0)} -> 0 | AX67: =IF(AV67=0,0,-(COUNTIF(AV67:AV70,">0")*$AW$33*$C$32+$AY$33*$C$31)*$H$27*$AU$33) -> 0 | AY67: =IF(AV67=0,0,$AY$33*$H$26*$AU$33) -> 0 | AZ67: =(0.6*AW67+0.7*AX67)*$AU$33/2 -> 0 | BA67: =(0.6*AW67+0.6*AY67)*$AU$33/2 -> 0 | BC67: =IF(AV67=0,0,$BG$33*$AP$21) -> 0 | BD67: =IFERROR(BC67/$AU$33,0) -> 0 | BE67: =BC67*($F$21+IF($F$21=0,0,($C$14+$C$15+IF($C$13="single",1.5,3)+3)/12)) -> 0 | BF67: =BE67-AZ67 -> 0 | BG67: {=IFERROR(IF(BF67<0,0,BF67/($AU$33-INDEX(hd_off,MATCH(BT67,hd_mark,0),0)/12)),0)} -> 0 | BH67: =IF(AV67=0,0,$BG$33*$AM$21) -> 0 | BI67: =IFERROR(BH67/$AU$33,0) -> 0 | BJ67: =BH67*($F$21+IF($F$21=0,0,($C$14+$C$15+IF($C$13="single",1.5,3)+3)/12)) -> 0 | BK67: =BJ67-BA67 -> 0 | BL67: {=IFERROR(IF(BK67<0,0,BK67/($AU$33-INDEX(hd_off,MATCH(BT67,hd_mark,0),0)/12)),0)} -> 0 | BM67: =MAX($F$21,$BB$33)/$Q$52 -> 0.30172414 | BN67: =IF(BM67=0,0,IF(BM67>2,1.25-0.125*BM67,1)) -> 1 | BO67: {=IFERROR(INDEX(sheath_ecap_asd,MATCH(BS67,sheath_mark,0),0)*BN67,0)} -> 0 | BP67: {=IFERROR(INDEX(sheath_wcap_asd,MATCH(BS67,sheath_mark,0),0)*BN67,0)} -> 0 | BQ67: {=IFERROR(INDEX(hd_cap,MATCH(BT67,hd_mark,0),0),0)} -> 0
R68: =$Q$22 -> L3 | S68: =$E$22 -> 21.375 | T68: {=IFERROR(IF(S68=0,0,(INDEX($C$33:$C$38,MATCH($W$33,$B$33:$B$38,0),0)*(S71+$X$33)+$T$33*COUNTIF(S68:S70,">0")*$C$32+$V$33*$C$31)*$R$33),0)} -> 0 | U68: =IF(S68=0,0,-(COUNTIF(S68:S70,">0")*$T$33*$C$32+$V$33*$C$31)*$H$27*$R$33) -> 0 | V68: =IF(S68=0,0,$V$33*$H$26*$R$33) -> 0 | W68: =(0.6*T68+0.7*U68)*$R$33/2 -> 0 | X68: =T68*$R$33/2 -> 0 | Z68: =IF(S68=0,0,$AD$33*$AP$22) -> 0 | AA68: =IFERROR(Z68/$R$33,0) -> 0 | AB68: =Z68*($F$22+IF($F$22=0,0,($C$14+$C$15+IF($C$13="single",1.5,3)+3)/12)) -> 0 | AC68: =AB68-W68 -> 0 | AD68: {=IFERROR(IF(AC68<0,0,AC68/($R$33-INDEX(hd_off,MATCH(AQ68,hd_mark,0),0)/12)),0)} -> 0 | AE68: =IF(S68=0,0,$AD$33*$AM$22) -> 0 | AF68: =IFERROR(AE68/$R$33,0) -> 0 | AG68: =AE68*($F$22+IF($F$22=0,0,($C$14+$C$15+IF($C$13="single",1.5,3)+3)/12)) -> 0 | AH68: =AG68-X68 -> 0 | AI68: {=IFERROR(IF(AH68<0,0,AH68/($R$33-INDEX(hd_off,MATCH(AQ68,hd_mark,0),0)/12)),0)} -> 0 | AJ68: =MAX($F$22,$Z$33)/$Q$52 -> 0.30172414 | AK68: =IF(AJ68=0,0,IF(AJ68>2,1.25-0.125*AJ68,1)) -> 1 | AL68: {=IFERROR(INDEX(sheath_ecap_asd,MATCH(AP68,sheath_mark,0),0)*AK68,0)} -> 0 | AM68: {=IFERROR(INDEX(sheath_wcap_asd,MATCH(AP68,sheath_mark,0),0)*AK68,0)} -> 0 | AN68: {=IFERROR(INDEX(hd_cap,MATCH(AQ68,hd_mark,0),0),0)} -> 0 | AU68: =$Q$22 -> L3 | AV68: =$E$22 -> 21.375 | AW68: {=IFERROR(IF(AV68=0,0,(INDEX($C$33:$C$38,MATCH($AZ$33,$B$33:$B$38,0),0)*(AV71+$BA$33)+$AW$33*COUNTIF(AV68:AV70,">0")*$C$32+$AY$33*$C$31)*$AU$33),0)} -> 0 | AX68: =IF(AV68=0,0,-(COUNTIF(AV68:AV70,">0")*$AW$33*$C$32+$AY$33*$C$31)*$H$27*$AU$33) -> 0 | AY68: =IF(AV68=0,0,$AY$33*$H$26*$AU$33) -> 0 | AZ68: =(0.6*AW68+0.7*AX68)*$AU$33/2 -> 0 | BA68: =AW68*$AU$33/2 -> 0 | BC68: =IF(AV68=0,0,$BG$33*$AP$22) -> 0 | BD68: =IFERROR(BC68/$AU$33,0) -> 0 | BE68: =BC68*($F$22+IF($F$22=0,0,($C$14+$C$15+IF($C$13="single",1.5,3)+3)/12)) -> 0 | BF68: =BE68-AZ68 -> 0 | BG68: {=IFERROR(IF(BF68<0,0,BF68/($AU$33-INDEX(hd_off,MATCH(BT68,hd_mark,0),0)/12)),0)} -> 0 | BH68: =IF(AV68=0,0,$BG$33*$AM$22) -> 0 | BI68: =IFERROR(BH68/$AU$33,0) -> 0 | BJ68: =BH68*($F$22+IF($F$22=0,0,($C$14+$C$15+IF($C$13="single",1.5,3)+3)/12)) -> 0 | BK68: =BJ68-BA68 -> 0 | BL68: {=IFERROR(IF(BK68<0,0,BK68/($AU$33-INDEX(hd_off,MATCH(BT68,hd_mark,0),0)/12)),0)} -> 0 | BM68: =MAX($F$22,$BC$33)/$Q$52 -> 0.30172414 | BN68: =IF(BM68=0,0,IF(BM68>2,1.25-0.125*BM68,1)) -> 1 | BO68: {=IFERROR(INDEX(sheath_ecap_asd,MATCH(BS68,sheath_mark,0),0)*BN68,0)} -> 0 | BP68: {=IFERROR(INDEX(sheath_wcap_asd,MATCH(BS68,sheath_mark,0),0)*BN68,0)} -> 0 | BQ68: {=IFERROR(INDEX(hd_cap,MATCH(BT68,hd_mark,0),0),0)} -> 0
Q69: Length | R69: =$Q$23 -> L4 | S69: =$E$23 -> 0 | T69: {=IFERROR(IF(S69=0,0,(INDEX($C$33:$C$38,MATCH($W$33,$B$33:$B$38,0),0)*(S71+$X$33)+$T$33*COUNTIF(S69:S70,">0")*$C$32+$V$33*$C$31)*$R$33),0)} -> 0 | U69: =IF(S69=0,0,-(COUNTIF(S69:S70,">0")*$T$33*$C$32+$V$33*$C$31)*$H$27*$R$33) -> 0 | V69: =IF(S69=0,0,$V$33*$H$26*$R$33) -> 0 | W69: =(0.6*T69+0.7*U69)*$R$33/2 -> 0 | X69: =T69*$R$33/2 -> 0 | Z69: =IF(S69=0,0,$AD$33*$AP$23) -> 0 | AA69: =IFERROR(Z69/$R$33,0) -> 0 | AB69: =Z69*($F$23+IF($F$23=0,0,($C$14+$C$15+IF($C$13="single",1.5,3)+3)/12)) -> 0 | AC69: =AB69-W69 -> 0 | AD69: {=IFERROR(IF(AC69<0,0,AC69/($R$33-INDEX(hd_off,MATCH(AQ69,hd_mark,0),0)/12)),0)} -> 0 | AE69: =IF(S69=0,0,$AD$33*$AM$23) -> 0 | AF69: =IFERROR(AE69/$R$33,0) -> 0 | AG69: =AE69*($F$23+IF($F$23=0,0,($C$14+$C$15+IF($C$13="single",1.5,3)+3)/12)) -> 0 | AH69: =AG69-X69 -> 0 | AI69: {=IFERROR(IF(AH69<0,0,AH69/($R$33-INDEX(hd_off,MATCH(AQ69,hd_mark,0),0)/12)),0)} -> 0 | AJ69: =MAX($F$23,$AA$33)/$Q$52 -> 0 | AK69: =IF(AJ69=0,0,IF(AJ69>2,1.25-0.125*AJ69,1)) -> 0 | AL69: {=IFERROR(INDEX(sheath_ecap_asd,MATCH(AP69,sheath_mark,0),0)*AK69,0)} -> 0 | AM69: {=IFERROR(INDEX(sheath_wcap_asd,MATCH(AP69,sheath_mark,0),0)*AK69,0)} -> 0 | AN69: {=IFERROR(INDEX(hd_cap,MATCH(AQ69,hd_mark,0),0),0)} -> 0 | AT69: Length | AU69: =$Q$23 -> L4 | AV69: =$E$23 -> 0 | AW69: {=IFERROR(IF(AV69=0,0,(INDEX($C$33:$C$38,MATCH($AZ$33,$B$33:$B$38,0),0)*(AV71+$BA$33)+$AW$33*COUNTIF(AV69:AV70,">0")*$C$32+$AY$33*$C$31)*$AU$33),0)} -> 0 | AX69: =IF(AV69=0,0,-(COUNTIF(AV69:AV70,">0")*$AW$33*$C$32+$AY$33*$C$31)*$H$27*$AU$33) -> 0 | AY69: =IF(AV69=0,0,$AY$33*$H$26*$AU$33) -> 0 | AZ69: =(0.6*AW69+0.7*AX69)*$AU$33/2 -> 0 | BA69: =AW69*$AU$33/2 -> 0 | BC69: =IF(AV69=0,0,$BG$33*$AP$23) -> 0 | BD69: =IFERROR(BC69/$AU$33,0) -> 0 | BE69: =BC69*($F$23+IF($F$23=0,0,($C$14+$C$15+IF($C$13="single",1.5,3)+3)/12)) -> 0 | BF69: =BE69-AZ69 -> 0 | BG69: {=IFERROR(IF(BF69<0,0,BF69/($AU$33-INDEX(hd_off,MATCH(BT69,hd_mark,0),0)/12)),0)} -> 0 | BH69: =IF(AV69=0,0,$BG$33*$AM$23) -> 0 | BI69: =IFERROR(BH69/$AU$33,0) -> 0 | BJ69: =BH69*($F$23+IF($F$23=0,0,($C$14+$C$15+IF($C$13="single",1.5,3)+3)/12)) -> 0 | BK69: =BJ69-BA69 -> 0 | BL69: {=IFERROR(IF(BK69<0,0,BK69/($AU$33-INDEX(hd_off,MATCH(BT69,hd_mark,0),0)/12)),0)} -> 0 | BM69: =MAX($F$23,$BD$33)/$Q$52 -> 0 | BN69: =IF(BM69=0,0,IF(BM69>2,1.25-0.125*BM69,1)) -> 0 | BO69: {=IFERROR(INDEX(sheath_ecap_asd,MATCH(BS69,sheath_mark,0),0)*BN69,0)} -> 0 | BP69: {=IFERROR(INDEX(sheath_wcap_asd,MATCH(BS69,sheath_mark,0),0)*BN69,0)} -> 0 | BQ69: {=IFERROR(INDEX(hd_cap,MATCH(BT69,hd_mark,0),0),0)} -> 0
Q70: =$R$33 -> 0 | R70: =$Q$24 -> L5 | S70: =$E$24 -> 0 | T70: {=IFERROR(IF(S70=0,0,(INDEX($C$33:$C$38,MATCH($W$33,$B$33:$B$38,0),0)*(S71+$X$33)+$T$33*COUNTIF(S70:S70,">0")*$C$32+$V$33*$C$31)*$R$33),0)} -> 0 | U70: =IF(S70=0,0,-(COUNTIF(S70:S70,">0")*$T$33*$C$32+$V$33*$C$31)*$H$27*$R$33) -> 0 | V70: =IF(S70=0,0,$V$33*$H$26*$R$33) -> 0 | W70: =(0.6*T70+0.7*U70)*$R$33/2 -> 0 | X70: =T70*$R$33/2 -> 0 | Z70: =IF(S70=0,0,$AD$33*$AP$24) -> 0 | AA70: =IFERROR(Z70/$R$33,0) -> 0 | AB70: =Z70*($F$24+IF($F$24=0,0,($C$14+$C$15+IF($C$13="single",1.5,3)+3)/12)) -> 0 | AC70: =AB70-W70 -> 0 | AD70: {=IFERROR(IF(AC70<0,0,AC70/($R$33-INDEX(hd_off,MATCH(AQ70,hd_mark,0),0)/12)),0)} -> 0 | AE70: =IF(S70=0,0,$AD$33*$AM$24) -> 0 | AF70: =IFERROR(AE70/$R$33,0) -> 0 | AG70: =AE70*($F$24+IF($F$24=0,0,($C$14+$C$15+IF($C$13="single",1.5,3)+3)/12)) -> 0 | AH70: =AG70-X70 -> 0 | AI70: {=IFERROR(IF(AH70<0,0,AH70/($R$33-INDEX(hd_off,MATCH(AQ70,hd_mark,0),0)/12)),0)} -> 0 | AJ70: =MAX($F$24,$AB$33)/$Q$52 -> 0 | AK70: =IF(AJ70=0,0,IF(AJ70>2,1.25-0.125*AJ70,1)) -> 0 | AL70: {=IFERROR(INDEX(sheath_ecap_asd,MATCH(AP70,sheath_mark,0),0)*AK70,0)} -> 0 | AM70: {=IFERROR(INDEX(sheath_wcap_asd,MATCH(AP70,sheath_mark,0),0)*AK70,0)} -> 0 | AN70: {=IFERROR(INDEX(hd_cap,MATCH(AQ70,hd_mark,0),0),0)} -> 0 | AT70: =$R$33 -> 0 | AU70: =$Q$24 -> L5 | AV70: =$E$24 -> 0 | AW70: {=IFERROR(IF(AV70=0,0,(INDEX($C$33:$C$38,MATCH($AZ$33,$B$33:$B$38,0),0)*(AV71+$BA$33)+$AW$33*COUNTIF(AV70:AV70,">0")*$C$32+$AY$33*$C$31)*$AU$33),0)} -> 0 | AX70: =IF(AV70=0,0,-(COUNTIF(AV70:AV70,">0")*$AW$33*$C$32+$AY$33*$C$31)*$H$27*$AU$33) -> 0 | AY70: =IF(AV70=0,0,$AY$33*$H$26*$AU$33) -> 0 | AZ70: =(0.6*AW70+0.7*AX70)*$AU$33/2 -> 0 | BA70: =AW70*$AU$33/2 -> 0 | BC70: =IF(AV70=0,0,$BG$33*$AP$24) -> 0 | BD70: =IFERROR(BC70/$AU$33,0) -> 0 | BE70: =BC70*($F$24+IF($F$24=0,0,($C$14+$C$15+IF($C$13="single",1.5,3)+3)/12)) -> 0 | BF70: =BE70-AZ70 -> 0 | BG70: {=IFERROR(IF(BF70<0,0,BF70/($AU$33-INDEX(hd_off,MATCH(BT70,hd_mark,0),0)/12)),0)} -> 0 | BH70: =IF(AV70=0,0,$BG$33*$AM$24) -> 0 | BI70: =IFERROR(BH70/$AU$33,0) -> 0 | BJ70: =BH70*($F$24+IF($F$24=0,0,($C$14+$C$15+IF($C$13="single",1.5,3)+3)/12)) -> 0 | BK70: =BJ70-BA70 -> 0 | BL70: {=IFERROR(IF(BK70<0,0,BK70/($AU$33-INDEX(hd_off,MATCH(BT70,hd_mark,0),0)/12)),0)} -> 0 | BM70: =MAX($F$24,$BE$33)/$Q$52 -> 0 | BN70: =IF(BM70=0,0,IF(BM70>2,1.25-0.125*BM70,1)) -> 0 | BO70: {=IFERROR(INDEX(sheath_ecap_asd,MATCH(BS70,sheath_mark,0),0)*BN70,0)} -> 0 | BP70: {=IFERROR(INDEX(sheath_wcap_asd,MATCH(BS70,sheath_mark,0),0)*BN70,0)} -> 0 | BQ70: {=IFERROR(INDEX(hd_cap,MATCH(BT70,hd_mark,0),0),0)} -> 0
R71: =$Q$25 -> Roof | S71: =$E$25 -> 33.171875 | T71: {=IFERROR(IF(S71=0,0,(INDEX($C$33:$C$38,MATCH($W$33,$B$33:$B$38,0),0)*(S71+$X$33)+$V$33*$C$31)*$R$33),0)} -> 0 | U71: =IF(S71=0,0,-$V$33*$C$31*$H$27*$R$33) -> 0 | V71: =IF(S71=0,0,$V$33*$H$26*$R$33) -> 0 | W71: =(0.6*T71+0.7*U71)*$R$33/2 -> 0 | X71: =T71*$R$33/2 -> 0 | Z71: =IF(S71=0,0,$AD$33*$AP$25) -> 0 | AA71: =IFERROR(Z71/$R$33,0) -> 0 | AB71: =Z71*($F$25+($C$16+$C$17+IF($C$13="single",1.5,3)+3)/12) -> 0 | AC71: =AB71-W71 -> 0 | AD71: {=IFERROR(IF(AC71<0,0,AC71/($R$33-INDEX(hd_off,MATCH(AQ71,hd_mark,0),0)/12)),0)} -> 0 | AE71: =IF(S71=0,0,$AD$33*$AM$25) -> 0 | AF71: =IFERROR(AE71/$R$33,0) -> 0 | AG71: =AE71*($F$25+($C$16+$C$17+IF($C$13="single",1.5,3)+3)/12) -> 0 | AH71: =AG71-X71 -> 0 | AI71: {=IFERROR(IF(AH71<0,0,AH71/($R$33-INDEX(hd_off,MATCH(AQ71,hd_mark,0),0)/12)),0)} -> 0 | AJ71: =MAX($F$25,$AC$33)/$Q$52 -> 0.29920977 | AK71: =IF(AJ71=0,0,IF(AJ71>2,1.25-0.125*AJ71,1)) -> 1 | AL71: {=IFERROR(INDEX(sheath_ecap_asd,MATCH(AP71,sheath_mark,0),0)*AK71,0)} -> 0 | AM71: {=IFERROR(INDEX(sheath_wcap_asd,MATCH(AP71,sheath_mark,0),0)*AK71,0)} -> 0 | AN71: {=IFERROR(INDEX(hd_cap,MATCH(AQ71,hd_mark,0),0),0)} -> 0 | AU71: =$Q$25 -> Roof | AV71: =$E$25 -> 33.171875 | AW71: {=IFERROR(IF(AV71=0,0,(INDEX($C$33:$C$38,MATCH($AZ$33,$B$33:$B$38,0),0)*(AV71+$BA$33)+$AY$33*$C$31)*$AU$33),0)} -> 0 | AX71: =IF(AV71=0,0,-$AY$33*$C$31*$H$27*$AU$33) -> 0 | AY71: =IF(AV71=0,0,$AY$33*$H$26*$AU$33) -> 0 | AZ71: =(0.6*AW71+0.7*AX71)*$AU$33/2 -> 0 | BA71: =AW71*$AU$33/2 -> 0 | BC71: =IF(AV71=0,0,$BG$33*$AP$25) -> 0 | BD71: =IFERROR(BC71/$AU$33,0) -> 0 | BE71: =BC71*($F$25+($C$16+$C$17+IF($C$13="single",1.5,3)+3)/12) -> 0 | BF71: =BE71-AZ71 -> 0 | BG71: {=IFERROR(IF(BF71<0,0,BF71/($AU$33-INDEX(hd_off,MATCH(BT71,hd_mark,0),0)/12)),0)} -> 0 | BH71: =IF(AV71=0,0,$BG$33*$AM$25) -> 0 | BI71: =IFERROR(BH71/$AU$33,0) -> 0 | BJ71: =BH71*($F$25+($C$16+$C$17+IF($C$13="single",1.5,3)+3)/12) -> 0 | BK71: =BJ71-BA71 -> 0 | BL71: {=IFERROR(IF(BK71<0,0,BK71/($AU$33-INDEX(hd_off,MATCH(BT71,hd_mark,0),0)/12)),0)} -> 0 | BM71: =MAX($F$25,$BF$33)/$Q$52 -> 0.29920977 | BN71: =IF(BM71=0,0,IF(BM71>2,1.25-0.125*BM71,1)) -> 1 | BO71: {=IFERROR(INDEX(sheath_ecap_asd,MATCH(BS71,sheath_mark,0),0)*BN71,0)} -> 0 | BP71: {=IFERROR(INDEX(sheath_wcap_asd,MATCH(BS71,sheath_mark,0),0)*BN71,0)} -> 0 | BQ71: {=IFERROR(INDEX(hd_cap,MATCH(BT71,hd_mark,0),0),0)} -> 0
Q73: =$Q$34 -> A.05 | R73: =$Q$21 -> L2 | S73: =$E$21 -> 10.6875 | T73: {=IFERROR(IF(S73=0,0,(INDEX($C$33:$C$38,MATCH($W$34,$B$33:$B$38,0),0)*(S77+$X$34)+$T$34*COUNTIF(S73:S76,">0")*$C$32+$V$34*$C$31)*$R$34),0)} -> 0 | U73: =IF(S73=0,0,-(COUNTIF(S73:S76,">0")*$T$34*$C$32+$V$34*$C$31)*$H$27*$R$34) -> 0 | V73: =IF(S73=0,0,$V$34*$H$26*$R$34) -> 0 | W73: =(0.6*T73+0.7*U73)*$R$34/2 -> 0 | X73: =(0.6*T73+0.6*V73)*$R$34/2 -> 0 | Z73: =IF(S73=0,0,$AD$34*$AP$21) -> 0 | AA73: =IFERROR(Z73/$R$34,0) -> 0 | AB73: =Z73*($F$21+IF($F$21=0,0,($C$14+$C$15+IF($C$13="single",1.5,3)+3)/12)) -> 0 | AC73: =AB73-W73 -> 0 | AD73: {=IFERROR(IF(AC73<0,0,AC73/($R$34-INDEX(hd_off,MATCH(AQ73,hd_mark,0),0)/12)),0)} -> 0 | AE73: =IF(S73=0,0,$AD$34*$AM$21) -> 0 | AF73: =IFERROR(AE73/$R$34,0) -> 0 | AG73: =AE73*($F$21+IF($F$21=0,0,($C$14+$C$15+IF($C$13="single",1.5,3)+3)/12)) -> 0 | AH73: =AG73-X73 -> 0 | AI73: {=IFERROR(IF(AH73<0,0,AH73/($R$34-INDEX(hd_off,MATCH(AQ73,hd_mark,0),0)/12)),0)} -> 0 | AJ73: =MAX($F$21,$Y$34)/$Q$52 -> 0.30172414 | AK73: =IF(AJ73=0,0,IF(AJ73>2,1.25-0.125*AJ73,1)) -> 1 | AL73: {=IFERROR(INDEX(sheath_ecap_asd,MATCH(AP73,sheath_mark,0),0)*AK73,0)} -> 0 | AM73: {=IFERROR(INDEX(sheath_wcap_asd,MATCH(AP73,sheath_mark,0),0)*AK73,0)} -> 0 | AN73: {=IFERROR(INDEX(hd_cap,MATCH(AQ73,hd_mark,0),0),0)} -> 0 | AT73: =$AT$34 -> 1.05 | AU73: =$Q$21 -> L2 | AV73: =$E$21 -> 10.6875 | AW73: {=IFERROR(IF(AV73=0,0,(INDEX($C$33:$C$38,MATCH($AZ$34,$B$33:$B$38,0),0)*(AV77+$BA$34)+$AW$34*COUNTIF(AV73:AV76,">0")*$C$32+$AY$34*$C$31)*$AU$34),0)} -> 0 | AX73: =IF(AV73=0,0,-(COUNTIF(AV73:AV76,">0")*$AW$34*$C$32+$AY$34*$C$31)*$H$27*$AU$34) -> 0 | AY73: =IF(AV73=0,0,$AY$34*$H$26*$AU$34) -> 0 | AZ73: =(0.6*AW73+0.7*AX73)*$AU$34/2 -> 0 | BA73: =(0.6*AW73+0.6*AY73)*$AU$34/2 -> 0 | BC73: =IF(AV73=0,0,$BG$34*$AP$21) -> 0 | BD73: =IFERROR(BC73/$AU$34,0) -> 0 | BE73: =BC73*($F$21+IF($F$21=0,0,($C$14+$C$15+IF($C$13="single",1.5,3)+3)/12)) -> 0 | BF73: =BE73-AZ73 -> 0 | BG73: {=IFERROR(IF(BF73<0,0,BF73/($AU$34-INDEX(hd_off,MATCH(BT73,hd_mark,0),0)/12)),0)} -> 0 | BH73: =IF(AV73=0,0,$BG$34*$AM$21) -> 0 | BI73: =IFERROR(BH73/$AU$34,0) -> 0 | BJ73: =BH73*($F$21+IF($F$21=0,0,($C$14+$C$15+IF($C$13="single",1.5,3)+3)/12)) -> 0 | BK73: =BJ73-BA73 -> 0 | BL73: {=IFERROR(IF(BK73<0,0,BK73/($AU$34-INDEX(hd_off,MATCH(BT73,hd_mark,0),0)/12)),0)} -> 0 | BM73: =MAX($F$21,$BB$34)/$Q$52 -> 0.30172414 | BN73: =IF(BM73=0,0,IF(BM73>2,1.25-0.125*BM73,1)) -> 1 | BO73: {=IFERROR(INDEX(sheath_ecap_asd,MATCH(BS73,sheath_mark,0),0)*BN73,0)} -> 0 | BP73: {=IFERROR(INDEX(sheath_wcap_asd,MATCH(BS73,sheath_mark,0),0)*BN73,0)} -> 0 | BQ73: {=IFERROR(INDEX(hd_cap,MATCH(BT73,hd_mark,0),0),0)} -> 0
R74: =$Q$22 -> L3 | S74: =$E$22 -> 21.375 | T74: {=IFERROR(IF(S74=0,0,(INDEX($C$33:$C$38,MATCH($W$34,$B$33:$B$38,0),0)*(S77+$X$34)+$T$34*COUNTIF(S74:S76,">0")*$C$32+$V$34*$C$31)*$R$34),0)} -> 0 | U74: =IF(S74=0,0,-(COUNTIF(S74:S76,">0")*$T$34*$C$32+$V$34*$C$31)*$H$27*$R$34) -> 0 | V74: =IF(S74=0,0,$V$34*$H$26*$R$34) -> 0 | W74: =(0.6*T74+0.7*U74)*$R$34/2 -> 0 | X74: =T74*$R$34/2 -> 0 | Z74: =IF(S74=0,0,$AD$34*$AP$22) -> 0 | AA74: =IFERROR(Z74/$R$34,0) -> 0 | AB74: =Z74*($F$22+IF($F$22=0,0,($C$14+$C$15+IF($C$13="single",1.5,3)+3)/12)) -> 0 | AC74: =AB74-W74 -> 0 | AD74: {=IFERROR(IF(AC74<0,0,AC74/($R$34-INDEX(hd_off,MATCH(AQ74,hd_mark,0),0)/12)),0)} -> 0 | AE74: =IF(S74=0,0,$AD$34*$AM$22) -> 0 | AF74: =IFERROR(AE74/$R$34,0) -> 0 | AG74: =AE74*($F$22+IF($F$22=0,0,($C$14+$C$15+IF($C$13="single",1.5,3)+3)/12)) -> 0 | AH74: =AG74-X74 -> 0 | AI74: {=IFERROR(IF(AH74<0,0,AH74/($R$34-INDEX(hd_off,MATCH(AQ74,hd_mark,0),0)/12)),0)} -> 0 | AJ74: =MAX($F$22,$Z$34)/$Q$52 -> 0.30172414 | AK74: =IF(AJ74=0,0,IF(AJ74>2,1.25-0.125*AJ74,1)) -> 1 | AL74: {=IFERROR(INDEX(sheath_ecap_asd,MATCH(AP74,sheath_mark,0),0)*AK74,0)} -> 0 | AM74: {=IFERROR(INDEX(sheath_wcap_asd,MATCH(AP74,sheath_mark,0),0)*AK74,0)} -> 0 | AN74: {=IFERROR(INDEX(hd_cap,MATCH(AQ74,hd_mark,0),0),0)} -> 0 | AU74: =$Q$22 -> L3 | AV74: =$E$22 -> 21.375 | AW74: {=IFERROR(IF(AV74=0,0,(INDEX($C$33:$C$38,MATCH($AZ$34,$B$33:$B$38,0),0)*(AV77+$BA$34)+$AW$34*COUNTIF(AV74:AV76,">0")*$C$32+$AY$34*$C$31)*$AU$34),0)} -> 0 | AX74: =IF(AV74=0,0,-(COUNTIF(AV74:AV76,">0")*$AW$34*$C$32+$AY$34*$C$31)*$H$27*$AU$34) -> 0 | AY74: =IF(AV74=0,0,$AY$34*$H$26*$AU$34) -> 0 | AZ74: =(0.6*AW74+0.7*AX74)*$AU$34/2 -> 0 | BA74: =AW74*$AU$34/2 -> 0 | BC74: =IF(AV74=0,0,$BG$34*$AP$22) -> 0 | BD74: =IFERROR(BC74/$AU$34,0) -> 0 | BE74: =BC74*($F$22+IF($F$22=0,0,($C$14+$C$15+IF($C$13="single",1.5,3)+3)/12)) -> 0 | BF74: =BE74-AZ74 -> 0 | BG74: {=IFERROR(IF(BF74<0,0,BF74/($AU$34-INDEX(hd_off,MATCH(BT74,hd_mark,0),0)/12)),0)} -> 0 | BH74: =IF(AV74=0,0,$BG$34*$AM$22) -> 0 | BI74: =IFERROR(BH74/$AU$34,0) -> 0 | BJ74: =BH74*($F$22+IF($F$22=0,0,($C$14+$C$15+IF($C$13="single",1.5,3)+3)/12)) -> 0 | BK74: =BJ74-BA74 -> 0 | BL74: {=IFERROR(IF(BK74<0,0,BK74/($AU$34-INDEX(hd_off,MATCH(BT74,hd_mark,0),0)/12)),0)} -> 0 | BM74: =MAX($F$22,$BC$34)/$Q$52 -> 0.30172414 | BN74: =IF(BM74=0,0,IF(BM74>2,1.25-0.125*BM74,1)) -> 1 | BO74: {=IFERROR(INDEX(sheath_ecap_asd,MATCH(BS74,sheath_mark,0),0)*BN74,0)} -> 0 | BP74: {=IFERROR(INDEX(sheath_wcap_asd,MATCH(BS74,sheath_mark,0),0)*BN74,0)} -> 0 | BQ74: {=IFERROR(INDEX(hd_cap,MATCH(BT74,hd_mark,0),0),0)} -> 0
Q75: Length | R75: =$Q$23 -> L4 | S75: =$E$23 -> 0 | T75: {=IFERROR(IF(S75=0,0,(INDEX($C$33:$C$38,MATCH($W$34,$B$33:$B$38,0),0)*(S77+$X$34)+$T$34*COUNTIF(S75:S76,">0")*$C$32+$V$34*$C$31)*$R$34),0)} -> 0 | U75: =IF(S75=0,0,-(COUNTIF(S75:S76,">0")*$T$34*$C$32+$V$34*$C$31)*$H$27*$R$34) -> 0 | V75: =IF(S75=0,0,$V$34*$H$26*$R$34) -> 0 | W75: =(0.6*T75+0.7*U75)*$R$34/2 -> 0 | X75: =T75*$R$34/2 -> 0 | Z75: =IF(S75=0,0,$AD$34*$AP$23) -> 0 | AA75: =IFERROR(Z75/$R$34,0) -> 0 | AB75: =Z75*($F$23+IF($F$23=0,0,($C$14+$C$15+IF($C$13="single",1.5,3)+3)/12)) -> 0 | AC75: =AB75-W75 -> 0 | AD75: {=IFERROR(IF(AC75<0,0,AC75/($R$34-INDEX(hd_off,MATCH(AQ75,hd_mark,0),0)/12)),0)} -> 0 | AE75: =IF(S75=0,0,$AD$34*$AM$23) -> 0 | AF75: =IFERROR(AE75/$R$34,0) -> 0 | AG75: =AE75*($F$23+IF($F$23=0,0,($C$14+$C$15+IF($C$13="single",1.5,3)+3)/12)) -> 0 | AH75: =AG75-X75 -> 0 | AI75: {=IFERROR(IF(AH75<0,0,AH75/($R$34-INDEX(hd_off,MATCH(AQ75,hd_mark,0),0)/12)),0)} -> 0 | AJ75: =MAX($F$23,$AA$34)/$Q$52 -> 0 | AK75: =IF(AJ75=0,0,IF(AJ75>2,1.25-0.125*AJ75,1)) -> 0 | AL75: {=IFERROR(INDEX(sheath_ecap_asd,MATCH(AP75,sheath_mark,0),0)*AK75,0)} -> 0 | AM75: {=IFERROR(INDEX(sheath_wcap_asd,MATCH(AP75,sheath_mark,0),0)*AK75,0)} -> 0 | AN75: {=IFERROR(INDEX(hd_cap,MATCH(AQ75,hd_mark,0),0),0)} -> 0 | AT75: Length | AU75: =$Q$23 -> L4 | AV75: =$E$23 -> 0 | AW75: {=IFERROR(IF(AV75=0,0,(INDEX($C$33:$C$38,MATCH($AZ$34,$B$33:$B$38,0),0)*(AV77+$BA$34)+$AW$34*COUNTIF(AV75:AV76,">0")*$C$32+$AY$34*$C$31)*$AU$34),0)} -> 0 | AX75: =IF(AV75=0,0,-(COUNTIF(AV75:AV76,">0")*$AW$34*$C$32+$AY$34*$C$31)*$H$27*$AU$34) -> 0 | AY75: =IF(AV75=0,0,$AY$34*$H$26*$AU$34) -> 0 | AZ75: =(0.6*AW75+0.7*AX75)*$AU$34/2 -> 0 | BA75: =AW75*$AU$34/2 -> 0 | BC75: =IF(AV75=0,0,$BG$34*$AP$23) -> 0 | BD75: =IFERROR(BC75/$AU$34,0) -> 0 | BE75: =BC75*($F$23+IF($F$23=0,0,($C$14+$C$15+IF($C$13="single",1.5,3)+3)/12)) -> 0 | BF75: =BE75-AZ75 -> 0 | BG75: {=IFERROR(IF(BF75<0,0,BF75/($AU$34-INDEX(hd_off,MATCH(BT75,hd_mark,0),0)/12)),0)} -> 0 | BH75: =IF(AV75=0,0,$BG$34*$AM$23) -> 0 | BI75: =IFERROR(BH75/$AU$34,0) -> 0 | BJ75: =BH75*($F$23+IF($F$23=0,0,($C$14+$C$15+IF($C$13="single",1.5,3)+3)/12)) -> 0 | BK75: =BJ75-BA75 -> 0 | BL75: {=IFERROR(IF(BK75<0,0,BK75/($AU$34-INDEX(hd_off,MATCH(BT75,hd_mark,0),0)/12)),0)} -> 0 | BM75: =MAX($F$23,$BD$34)/$Q$52 -> 0 | BN75: =IF(BM75=0,0,IF(BM75>2,1.25-0.125*BM75,1)) -> 0 | BO75: {=IFERROR(INDEX(sheath_ecap_asd,MATCH(BS75,sheath_mark,0),0)*BN75,0)} -> 0 | BP75: {=IFERROR(INDEX(sheath_wcap_asd,MATCH(BS75,sheath_mark,0),0)*BN75,0)} -> 0 | BQ75: {=IFERROR(INDEX(hd_cap,MATCH(BT75,hd_mark,0),0),0)} -> 0
Q76: =$R$34 -> 0 | R76: =$Q$24 -> L5 | S76: =$E$24 -> 0 | T76: {=IFERROR(IF(S76=0,0,(INDEX($C$33:$C$38,MATCH($W$34,$B$33:$B$38,0),0)*(S77+$X$34)+$T$34*COUNTIF(S76:S76,">0")*$C$32+$V$34*$C$31)*$R$34),0)} -> 0 | U76: =IF(S76=0,0,-(COUNTIF(S76:S76,">0")*$T$34*$C$32+$V$34*$C$31)*$H$27*$R$34) -> 0 | V76: =IF(S76=0,0,$V$34*$H$26*$R$34) -> 0 | W76: =(0.6*T76+0.7*U76)*$R$34/2 -> 0 | X76: =T76*$R$34/2 -> 0 | Z76: =IF(S76=0,0,$AD$34*$AP$24) -> 0 | AA76: =IFERROR(Z76/$R$34,0) -> 0 | AB76: =Z76*($F$24+IF($F$24=0,0,($C$14+$C$15+IF($C$13="single",1.5,3)+3)/12)) -> 0 | AC76: =AB76-W76 -> 0 | AD76: {=IFERROR(IF(AC76<0,0,AC76/($R$34-INDEX(hd_off,MATCH(AQ76,hd_mark,0),0)/12)),0)} -> 0 | AE76: =IF(S76=0,0,$AD$34*$AM$24) -> 0 | AF76: =IFERROR(AE76/$R$34,0) -> 0 | AG76: =AE76*($F$24+IF($F$24=0,0,($C$14+$C$15+IF($C$13="single",1.5,3)+3)/12)) -> 0 | AH76: =AG76-X76 -> 0 | AI76: {=IFERROR(IF(AH76<0,0,AH76/($R$34-INDEX(hd_off,MATCH(AQ76,hd_mark,0),0)/12)),0)} -> 0 | AJ76: =MAX($F$24,$AB$34)/$Q$52 -> 0 | AK76: =IF(AJ76=0,0,IF(AJ76>2,1.25-0.125*AJ76,1)) -> 0 | AL76: {=IFERROR(INDEX(sheath_ecap_asd,MATCH(AP76,sheath_mark,0),0)*AK76,0)} -> 0 | AM76: {=IFERROR(INDEX(sheath_wcap_asd,MATCH(AP76,sheath_mark,0),0)*AK76,0)} -> 0 | AN76: {=IFERROR(INDEX(hd_cap,MATCH(AQ76,hd_mark,0),0),0)} -> 0 | AT76: =$R$34 -> 0 | AU76: =$Q$24 -> L5 | AV76: =$E$24 -> 0 | AW76: {=IFERROR(IF(AV76=0,0,(INDEX($C$33:$C$38,MATCH($AZ$34,$B$33:$B$38,0),0)*(AV77+$BA$34)+$AW$34*COUNTIF(AV76:AV76,">0")*$C$32+$AY$34*$C$31)*$AU$34),0)} -> 0 | AX76: =IF(AV76=0,0,-(COUNTIF(AV76:AV76,">0")*$AW$34*$C$32+$AY$34*$C$31)*$H$27*$AU$34) -> 0 | AY76: =IF(AV76=0,0,$AY$34*$H$26*$AU$34) -> 0 | AZ76: =(0.6*AW76+0.7*AX76)*$AU$34/2 -> 0 | BA76: =AW76*$AU$34/2 -> 0 | BC76: =IF(AV76=0,0,$BG$34*$AP$24) -> 0 | BD76: =IFERROR(BC76/$AU$34,0) -> 0 | BE76: =BC76*($F$24+IF($F$24=0,0,($C$14+$C$15+IF($C$13="single",1.5,3)+3)/12)) -> 0 | BF76: =BE76-AZ76 -> 0 | BG76: {=IFERROR(IF(BF76<0,0,BF76/($AU$34-INDEX(hd_off,MATCH(BT76,hd_mark,0),0)/12)),0)} -> 0 | BH76: =IF(AV76=0,0,$BG$34*$AM$24) -> 0 | BI76: =IFERROR(BH76/$AU$34,0) -> 0 | BJ76: =BH76*($F$24+IF($F$24=0,0,($C$14+$C$15+IF($C$13="single",1.5,3)+3)/12)) -> 0 | BK76: =BJ76-BA76 -> 0 | BL76: {=IFERROR(IF(BK76<0,0,BK76/($AU$34-INDEX(hd_off,MATCH(BT76,hd_mark,0),0)/12)),0)} -> 0 | BM76: =MAX($F$24,$BE$34)/$Q$52 -> 0 | BN76: =IF(BM76=0,0,IF(BM76>2,1.25-0.125*BM76,1)) -> 0 | BO76: {=IFERROR(INDEX(sheath_ecap_asd,MATCH(BS76,sheath_mark,0),0)*BN76,0)} -> 0 | BP76: {=IFERROR(INDEX(sheath_wcap_asd,MATCH(BS76,sheath_mark,0),0)*BN76,0)} -> 0 | BQ76: {=IFERROR(INDEX(hd_cap,MATCH(BT76,hd_mark,0),0),0)} -> 0
R77: =$Q$25 -> Roof | S77: =$E$25 -> 33.171875 | T77: {=IFERROR(IF(S77=0,0,(INDEX($C$33:$C$38,MATCH($W$34,$B$33:$B$38,0),0)*(S77+$X$34)+$V$34*$C$31)*$R$34),0)} -> 0 | U77: =IF(S77=0,0,-$V$34*$C$31*$H$27*$R$34) -> 0 | V77: =IF(S77=0,0,$V$34*$H$26*$R$34) -> 0 | W77: =(0.6*T77+0.7*U77)*$R$34/2 -> 0 | X77: =T77*$R$34/2 -> 0 | Z77: =IF(S77=0,0,$AD$34*$AP$25) -> 0 | AA77: =IFERROR(Z77/$R$34,0) -> 0 | AB77: =Z77*($F$25+($C$16+$C$17+IF($C$13="single",1.5,3)+3)/12) -> 0 | AC77: =AB77-W77 -> 0 | AD77: {=IFERROR(IF(AC77<0,0,AC77/($R$34-INDEX(hd_off,MATCH(AQ77,hd_mark,0),0)/12)),0)} -> 0 | AE77: =IF(S77=0,0,$AD$34*$AM$25) -> 0 | AF77: =IFERROR(AE77/$R$34,0) -> 0 | AG77: =AE77*($F$25+($C$16+$C$17+IF($C$13="single",1.5,3)+3)/12) -> 0 | AH77: =AG77-X77 -> 0 | AI77: {=IFERROR(IF(AH77<0,0,AH77/($R$34-INDEX(hd_off,MATCH(AQ77,hd_mark,0),0)/12)),0)} -> 0 | AJ77: =MAX($F$25,$AC$34)/$Q$52 -> 0.29920977 | AK77: =IF(AJ77=0,0,IF(AJ77>2,1.25-0.125*AJ77,1)) -> 1 | AL77: {=IFERROR(INDEX(sheath_ecap_asd,MATCH(AP77,sheath_mark,0),0)*AK77,0)} -> 0 | AM77: {=IFERROR(INDEX(sheath_wcap_asd,MATCH(AP77,sheath_mark,0),0)*AK77,0)} -> 0 | AN77: {=IFERROR(INDEX(hd_cap,MATCH(AQ77,hd_mark,0),0),0)} -> 0 | AU77: =$Q$25 -> Roof | AV77: =$E$25 -> 33.171875 | AW77: {=IFERROR(IF(AV77=0,0,(INDEX($C$33:$C$38,MATCH($AZ$34,$B$33:$B$38,0),0)*(AV77+$BA$34)+$AY$34*$C$31)*$AU$34),0)} -> 0 | AX77: =IF(AV77=0,0,-$AY$34*$C$31*$H$27*$AU$34) -> 0 | AY77: =IF(AV77=0,0,$AY$34*$H$26*$AU$34) -> 0 | AZ77: =(0.6*AW77+0.7*AX77)*$AU$34/2 -> 0 | BA77: =AW77*$AU$34/2 -> 0 | BC77: =IF(AV77=0,0,$BG$34*$AP$25) -> 0 | BD77: =IFERROR(BC77/$AU$34,0) -> 0 | BE77: =BC77*($F$25+($C$16+$C$17+IF($C$13="single",1.5,3)+3)/12) -> 0 | BF77: =BE77-AZ77 -> 0 | BG77: {=IFERROR(IF(BF77<0,0,BF77/($AU$34-INDEX(hd_off,MATCH(BT77,hd_mark,0),0)/12)),0)} -> 0 | BH77: =IF(AV77=0,0,$BG$34*$AM$25) -> 0 | BI77: =IFERROR(BH77/$AU$34,0) -> 0 | BJ77: =BH77*($F$25+($C$16+$C$17+IF($C$13="single",1.5,3)+3)/12) -> 0 | BK77: =BJ77-BA77 -> 0 | BL77: {=IFERROR(IF(BK77<0,0,BK77/($AU$34-INDEX(hd_off,MATCH(BT77,hd_mark,0),0)/12)),0)} -> 0 | BM77: =MAX($F$25,$BF$34)/$Q$52 -> 0.29920977 | BN77: =IF(BM77=0,0,IF(BM77>2,1.25-0.125*BM77,1)) -> 1 | BO77: {=IFERROR(INDEX(sheath_ecap_asd,MATCH(BS77,sheath_mark,0),0)*BN77,0)} -> 0 | BP77: {=IFERROR(INDEX(sheath_wcap_asd,MATCH(BS77,sheath_mark,0),0)*BN77,0)} -> 0 | BQ77: {=IFERROR(INDEX(hd_cap,MATCH(BT77,hd_mark,0),0),0)} -> 0
Q79: =$Q$35 -> A.06 | R79: =$Q$21 -> L2 | S79: =$E$21 -> 10.6875 | T79: {=IFERROR(IF(S79=0,0,(INDEX($C$33:$C$38,MATCH($W$35,$B$33:$B$38,0),0)*(S83+$X$35)+$T$35*COUNTIF(S79:S82,">0")*$C$32+$V$35*$C$31)*$R$35),0)} -> 0 | U79: =IF(S79=0,0,-(COUNTIF(S79:S82,">0")*$T$35*$C$32+$V$35*$C$31)*$H$27*$R$35) -> 0 | V79: =IF(S79=0,0,$V$35*$H$26*$R$35) -> 0 | W79: =(0.6*T79+0.7*U79)*$R$35/2 -> 0 | X79: =(0.6*T79+0.6*V79)*$R$35/2 -> 0 | Z79: =IF(S79=0,0,$AD$35*$AP$21) -> 0 | AA79: =IFERROR(Z79/$R$35,0) -> 0 | AB79: =Z79*($F$21+IF($F$21=0,0,($C$14+$C$15+IF($C$13="single",1.5,3)+3)/12)) -> 0 | AC79: =AB79-W79 -> 0 | AD79: {=IFERROR(IF(AC79<0,0,AC79/($R$35-INDEX(hd_off,MATCH(AQ79,hd_mark,0),0)/12)),0)} -> 0 | AE79: =IF(S79=0,0,$AD$35*$AM$21) -> 0 | AF79: =IFERROR(AE79/$R$35,0) -> 0 | AG79: =AE79*($F$21+IF($F$21=0,0,($C$14+$C$15+IF($C$13="single",1.5,3)+3)/12)) -> 0 | AH79: =AG79-X79 -> 0 | AI79: {=IFERROR(IF(AH79<0,0,AH79/($R$35-INDEX(hd_off,MATCH(AQ79,hd_mark,0),0)/12)),0)} -> 0 | AJ79: =MAX($F$21,$Y$35)/$Q$52 -> 0.30172414 | AK79: =IF(AJ79=0,0,IF(AJ79>2,1.25-0.125*AJ79,1)) -> 1 | AL79: {=IFERROR(INDEX(sheath_ecap_asd,MATCH(AP79,sheath_mark,0),0)*AK79,0)} -> 0 | AM79: {=IFERROR(INDEX(sheath_wcap_asd,MATCH(AP79,sheath_mark,0),0)*AK79,0)} -> 0 | AN79: {=IFERROR(INDEX(hd_cap,MATCH(AQ79,hd_mark,0),0),0)} -> 0 | AT79: =$AT$35 -> 1.06 | AU79: =$Q$21 -> L2 | AV79: =$E$21 -> 10.6875 | AW79: {=IFERROR(IF(AV79=0,0,(INDEX($C$33:$C$38,MATCH($AZ$35,$B$33:$B$38,0),0)*(AV83+$BA$35)+$AW$35*COUNTIF(AV79:AV82,">0")*$C$32+$AY$35*$C$31)*$AU$35),0)} -> 0 | AX79: =IF(AV79=0,0,-(COUNTIF(AV79:AV82,">0")*$AW$35*$C$32+$AY$35*$C$31)*$H$27*$AU$35) -> 0 | AY79: =IF(AV79=0,0,$AY$35*$H$26*$AU$35) -> 0 | AZ79: =(0.6*AW79+0.7*AX79)*$AU$35/2 -> 0 | BA79: =(0.6*AW79+0.6*AY79)*$AU$35/2 -> 0 | BC79: =IF(AV79=0,0,$BG$35*$AP$21) -> 0 | BD79: =IFERROR(BC79/$AU$35,0) -> 0 | BE79: =BC79*($F$21+IF($F$21=0,0,($C$14+$C$15+IF($C$13="single",1.5,3)+3)/12)) -> 0 | BF79: =BE79-AZ79 -> 0 | BG79: {=IFERROR(IF(BF79<0,0,BF79/($AU$35-INDEX(hd_off,MATCH(BT79,hd_mark,0),0)/12)),0)} -> 0 | BH79: =IF(AV79=0,0,$BG$35*$AM$21) -> 0 | BI79: =IFERROR(BH79/$AU$35,0) -> 0 | BJ79: =BH79*($F$21+IF($F$21=0,0,($C$14+$C$15+IF($C$13="single",1.5,3)+3)/12)) -> 0 | BK79: =BJ79-BA79 -> 0 | BL79: {=IFERROR(IF(BK79<0,0,BK79/($AU$35-INDEX(hd_off,MATCH(BT79,hd_mark,0),0)/12)),0)} -> 0 | BM79: =MAX($F$21,$BB$35)/$Q$52 -> 0.30172414 | BN79: =IF(BM79=0,0,IF(BM79>2,1.25-0.125*BM79,1)) -> 1 | BO79: {=IFERROR(INDEX(sheath_ecap_asd,MATCH(BS79,sheath_mark,0),0)*BN79,0)} -> 0 | BP79: {=IFERROR(INDEX(sheath_wcap_asd,MATCH(BS79,sheath_mark,0),0)*BN79,0)} -> 0 | BQ79: {=IFERROR(INDEX(hd_cap,MATCH(BT79,hd_mark,0),0),0)} -> 0
R80: =$Q$22 -> L3 | S80: =$E$22 -> 21.375 | T80: {=IFERROR(IF(S80=0,0,(INDEX($C$33:$C$38,MATCH($W$35,$B$33:$B$38,0),0)*(S83+$X$35)+$T$35*COUNTIF(S80:S82,">0")*$C$32+$V$35*$C$31)*$R$35),0)} -> 0 | U80: =IF(S80=0,0,-(COUNTIF(S80:S82,">0")*$T$35*$C$32+$V$35*$C$31)*$H$27*$R$35) -> 0 | V80: =IF(S80=0,0,$V$35*$H$26*$R$35) -> 0 | W80: =(0.6*T80+0.7*U80)*$R$35/2 -> 0 | X80: =T80*$R$35/2 -> 0 | Z80: =IF(S80=0,0,$AD$35*$AP$22) -> 0 | AA80: =IFERROR(Z80/$R$35,0) -> 0 | AB80: =Z80*($F$22+IF($F$22=0,0,($C$14+$C$15+IF($C$13="single",1.5,3)+3)/12)) -> 0 | AC80: =AB80-W80 -> 0 | AD80: {=IFERROR(IF(AC80<0,0,AC80/($R$35-INDEX(hd_off,MATCH(AQ80,hd_mark,0),0)/12)),0)} -> 0 | AE80: =IF(S80=0,0,$AD$35*$AM$22) -> 0 | AF80: =IFERROR(AE80/$R$35,0) -> 0 | AG80: =AE80*($F$22+IF($F$22=0,0,($C$14+$C$15+IF($C$13="single",1.5,3)+3)/12)) -> 0 | AH80: =AG80-X80 -> 0 | AI80: {=IFERROR(IF(AH80<0,0,AH80/($R$35-INDEX(hd_off,MATCH(AQ80,hd_mark,0),0)/12)),0)} -> 0 | AJ80: =MAX($F$22,$Z$35)/$Q$52 -> 0.30172414 | AK80: =IF(AJ80=0,0,IF(AJ80>2,1.25-0.125*AJ80,1)) -> 1 | AL80: {=IFERROR(INDEX(sheath_ecap_asd,MATCH(AP80,sheath_mark,0),0)*AK80,0)} -> 0 | AM80: {=IFERROR(INDEX(sheath_wcap_asd,MATCH(AP80,sheath_mark,0),0)*AK80,0)} -> 0 | AN80: {=IFERROR(INDEX(hd_cap,MATCH(AQ80,hd_mark,0),0),0)} -> 0 | AU80: =$Q$22 -> L3 | AV80: =$E$22 -> 21.375 | AW80: {=IFERROR(IF(AV80=0,0,(INDEX($C$33:$C$38,MATCH($AZ$35,$B$33:$B$38,0),0)*(AV83+$BA$35)+$AW$35*COUNTIF(AV80:AV82,">0")*$C$32+$AY$35*$C$31)*$AU$35),0)} -> 0 | AX80: =IF(AV80=0,0,-(COUNTIF(AV80:AV82,">0")*$AW$35*$C$32+$AY$35*$C$31)*$H$27*$AU$35) -> 0 | AY80: =IF(AV80=0,0,$AY$35*$H$26*$AU$35) -> 0 | AZ80: =(0.6*AW80+0.7*AX80)*$AU$35/2 -> 0 | BA80: =AW80*$AU$35/2 -> 0 | BC80: =IF(AV80=0,0,$BG$35*$AP$22) -> 0 | BD80: =IFERROR(BC80/$AU$35,0) -> 0 | BE80: =BC80*($F$22+IF($F$22=0,0,($C$14+$C$15+IF($C$13="single",1.5,3)+3)/12)) -> 0 | BF80: =BE80-AZ80 -> 0 | BG80: {=IFERROR(IF(BF80<0,0,BF80/($AU$35-INDEX(hd_off,MATCH(BT80,hd_mark,0),0)/12)),0)} -> 0 | BH80: =IF(AV80=0,0,$BG$35*$AM$22) -> 0 | BI80: =IFERROR(BH80/$AU$35,0) -> 0 | BJ80: =BH80*($F$22+IF($F$22=0,0,($C$14+$C$15+IF($C$13="single",1.5,3)+3)/12)) -> 0 | BK80: =BJ80-BA80 -> 0 | BL80: {=IFERROR(IF(BK80<0,0,BK80/($AU$35-INDEX(hd_off,MATCH(BT80,hd_mark,0),0)/12)),0)} -> 0 | BM80: =MAX($F$22,$BC$35)/$Q$52 -> 0.30172414 | BN80: =IF(BM80=0,0,IF(BM80>2,1.25-0.125*BM80,1)) -> 1 | BO80: {=IFERROR(INDEX(sheath_ecap_asd,MATCH(BS80,sheath_mark,0),0)*BN80,0)} -> 0 | BP80: {=IFERROR(INDEX(sheath_wcap_asd,MATCH(BS80,sheath_mark,0),0)*BN80,0)} -> 0 | BQ80: {=IFERROR(INDEX(hd_cap,MATCH(BT80,hd_mark,0),0),0)} -> 0
Q81: Length | R81: =$Q$23 -> L4 | S81: =$E$23 -> 0 | T81: {=IFERROR(IF(S81=0,0,(INDEX($C$33:$C$38,MATCH($W$35,$B$33:$B$38,0),0)*(S83+$X$35)+$T$35*COUNTIF(S81:S82,">0")*$C$32+$V$35*$C$31)*$R$35),0)} -> 0 | U81: =IF(S81=0,0,-(COUNTIF(S81:S82,">0")*$T$35*$C$32+$V$35*$C$31)*$H$27*$R$35) -> 0 | V81: =IF(S81=0,0,$V$35*$H$26*$R$35) -> 0 | W81: =(0.6*T81+0.7*U81)*$R$35/2 -> 0 | X81: =T81*$R$35/2 -> 0 | Z81: =IF(S81=0,0,$AD$35*$AP$23) -> 0 | AA81: =IFERROR(Z81/$R$35,0) -> 0 | AB81: =Z81*($F$23+IF($F$23=0,0,($C$14+$C$15+IF($C$13="single",1.5,3)+3)/12)) -> 0 | AC81: =AB81-W81 -> 0 | AD81: {=IFERROR(IF(AC81<0,0,AC81/($R$35-INDEX(hd_off,MATCH(AQ81,hd_mark,0),0)/12)),0)} -> 0 | AE81: =IF(S81=0,0,$AD$35*$AM$23) -> 0 | AF81: =IFERROR(AE81/$R$35,0) -> 0 | AG81: =AE81*($F$23+IF($F$23=0,0,($C$14+$C$15+IF($C$13="single",1.5,3)+3)/12)) -> 0 | AH81: =AG81-X81 -> 0 | AI81: {=IFERROR(IF(AH81<0,0,AH81/($R$35-INDEX(hd_off,MATCH(AQ81,hd_mark,0),0)/12)),0)} -> 0 | AJ81: =MAX($F$23,$AA$35)/$Q$52 -> 0 | AK81: =IF(AJ81=0,0,IF(AJ81>2,1.25-0.125*AJ81,1)) -> 0 | AL81: {=IFERROR(INDEX(sheath_ecap_asd,MATCH(AP81,sheath_mark,0),0)*AK81,0)} -> 0 | AM81: {=IFERROR(INDEX(sheath_wcap_asd,MATCH(AP81,sheath_mark,0),0)*AK81,0)} -> 0 | AN81: {=IFERROR(INDEX(hd_cap,MATCH(AQ81,hd_mark,0),0),0)} -> 0 | AT81: Length | AU81: =$Q$23 -> L4 | AV81: =$E$23 -> 0 | AW81: {=IFERROR(IF(AV81=0,0,(INDEX($C$33:$C$38,MATCH($AZ$35,$B$33:$B$38,0),0)*(AV83+$BA$35)+$AW$35*COUNTIF(AV81:AV82,">0")*$C$32+$AY$35*$C$31)*$AU$35),0)} -> 0 | AX81: =IF(AV81=0,0,-(COUNTIF(AV81:AV82,">0")*$AW$35*$C$32+$AY$35*$C$31)*$H$27*$AU$35) -> 0 | AY81: =IF(AV81=0,0,$AY$35*$H$26*$AU$35) -> 0 | AZ81: =(0.6*AW81+0.7*AX81)*$AU$35/2 -> 0 | BA81: =AW81*$AU$35/2 -> 0 | BC81: =IF(AV81=0,0,$BG$35*$AP$23) -> 0 | BD81: =IFERROR(BC81/$AU$35,0) -> 0 | BE81: =BC81*($F$23+IF($F$23=0,0,($C$14+$C$15+IF($C$13="single",1.5,3)+3)/12)) -> 0 | BF81: =BE81-AZ81 -> 0 | BG81: {=IFERROR(IF(BF81<0,0,BF81/($AU$35-INDEX(hd_off,MATCH(BT81,hd_mark,0),0)/12)),0)} -> 0 | BH81: =IF(AV81=0,0,$BG$35*$AM$23) -> 0 | BI81: =IFERROR(BH81/$AU$35,0) -> 0 | BJ81: =BH81*($F$23+IF($F$23=0,0,($C$14+$C$15+IF($C$13="single",1.5,3)+3)/12)) -> 0 | BK81: =BJ81-BA81 -> 0 | BL81: {=IFERROR(IF(BK81<0,0,BK81/($AU$35-INDEX(hd_off,MATCH(BT81,hd_mark,0),0)/12)),0)} -> 0 | BM81: =MAX($F$23,$BD$35)/$Q$52 -> 0 | BN81: =IF(BM81=0,0,IF(BM81>2,1.25-0.125*BM81,1)) -> 0 | BO81: {=IFERROR(INDEX(sheath_ecap_asd,MATCH(BS81,sheath_mark,0),0)*BN81,0)} -> 0 | BP81: {=IFERROR(INDEX(sheath_wcap_asd,MATCH(BS81,sheath_mark,0),0)*BN81,0)} -> 0 | BQ81: {=IFERROR(INDEX(hd_cap,MATCH(BT81,hd_mark,0),0),0)} -> 0
Q82: =$R$35 -> 0 | R82: =$Q$24 -> L5 | S82: =$E$24 -> 0 | T82: {=IFERROR(IF(S82=0,0,(INDEX($C$33:$C$38,MATCH($W$35,$B$33:$B$38,0),0)*(S83+$X$35)+$T$35*COUNTIF(S82:S82,">0")*$C$32+$V$35*$C$31)*$R$35),0)} -> 0 | U82: =IF(S82=0,0,-(COUNTIF(S82:S82,">0")*$T$35*$C$32+$V$35*$C$31)*$H$27*$R$35) -> 0 | V82: =IF(S82=0,0,$V$35*$H$26*$R$35) -> 0 | W82: =(0.6*T82+0.7*U82)*$R$35/2 -> 0 | X82: =T82*$R$35/2 -> 0 | Z82: =IF(S82=0,0,$AD$35*$AP$24) -> 0 | AA82: =IFERROR(Z82/$R$35,0) -> 0 | AB82: =Z82*($F$24+IF($F$24=0,0,($C$14+$C$15+IF($C$13="single",1.5,3)+3)/12)) -> 0 | AC82: =AB82-W82 -> 0 | AD82: {=IFERROR(IF(AC82<0,0,AC82/($R$35-INDEX(hd_off,MATCH(AQ82,hd_mark,0),0)/12)),0)} -> 0 | AE82: =IF(S82=0,0,$AD$35*$AM$24) -> 0 | AF82: =IFERROR(AE82/$R$35,0) -> 0 | AG82: =AE82*($F$24+IF($F$24=0,0,($C$14+$C$15+IF($C$13="single",1.5,3)+3)/12)) -> 0 | AH82: =AG82-X82 -> 0 | AI82: {=IFERROR(IF(AH82<0,0,AH82/($R$35-INDEX(hd_off,MATCH(AQ82,hd_mark,0),0)/12)),0)} -> 0 | AJ82: =MAX($F$24,$AB$35)/$Q$52 -> 0 | AK82: =IF(AJ82=0,0,IF(AJ82>2,1.25-0.125*AJ82,1)) -> 0 | AL82: {=IFERROR(INDEX(sheath_ecap_asd,MATCH(AP82,sheath_mark,0),0)*AK82,0)} -> 0 | AM82: {=IFERROR(INDEX(sheath_wcap_asd,MATCH(AP82,sheath_mark,0),0)*AK82,0)} -> 0 | AN82: {=IFERROR(INDEX(hd_cap,MATCH(AQ82,hd_mark,0),0),0)} -> 0 | AT82: =$R$35 -> 0 | AU82: =$Q$24 -> L5 | AV82: =$E$24 -> 0 | AW82: {=IFERROR(IF(AV82=0,0,(INDEX($C$33:$C$38,MATCH($AZ$35,$B$33:$B$38,0),0)*(AV83+$BA$35)+$AW$35*COUNTIF(AV82:AV82,">0")*$C$32+$AY$35*$C$31)*$AU$35),0)} -> 0 | AX82: =IF(AV82=0,0,-(COUNTIF(AV82:AV82,">0")*$AW$35*$C$32+$AY$35*$C$31)*$H$27*$AU$35) -> 0 | AY82: =IF(AV82=0,0,$AY$35*$H$26*$AU$35) -> 0 | AZ82: =(0.6*AW82+0.7*AX82)*$AU$35/2 -> 0 | BA82: =AW82*$AU$35/2 -> 0 | BC82: =IF(AV82=0,0,$BG$35*$AP$24) -> 0 | BD82: =IFERROR(BC82/$AU$35,0) -> 0 | BE82: =BC82*($F$24+IF($F$24=0,0,($C$14+$C$15+IF($C$13="single",1.5,3)+3)/12)) -> 0 | BF82: =BE82-AZ82 -> 0 | BG82: {=IFERROR(IF(BF82<0,0,BF82/($AU$35-INDEX(hd_off,MATCH(BT82,hd_mark,0),0)/12)),0)} -> 0 | BH82: =IF(AV82=0,0,$BG$35*$AM$24) -> 0 | BI82: =IFERROR(BH82/$AU$35,0) -> 0 | BJ82: =BH82*($F$24+IF($F$24=0,0,($C$14+$C$15+IF($C$13="single",1.5,3)+3)/12)) -> 0 | BK82: =BJ82-BA82 -> 0 | BL82: {=IFERROR(IF(BK82<0,0,BK82/($AU$35-INDEX(hd_off,MATCH(BT82,hd_mark,0),0)/12)),0)} -> 0 | BM82: =MAX($F$24,$BE$35)/$Q$52 -> 0 | BN82: =IF(BM82=0,0,IF(BM82>2,1.25-0.125*BM82,1)) -> 0 | BO82: {=IFERROR(INDEX(sheath_ecap_asd,MATCH(BS82,sheath_mark,0),0)*BN82,0)} -> 0 | BP82: {=IFERROR(INDEX(sheath_wcap_asd,MATCH(BS82,sheath_mark,0),0)*BN82,0)} -> 0 | BQ82: {=IFERROR(INDEX(hd_cap,MATCH(BT82,hd_mark,0),0),0)} -> 0
R83: =$Q$25 -> Roof | S83: =$E$25 -> 33.171875 | T83: {=IFERROR(IF(S83=0,0,(INDEX($C$33:$C$38,MATCH($W$35,$B$33:$B$38,0),0)*(S83+$X$35)+$V$35*$C$31)*$R$35),0)} -> 0 | U83: =IF(S83=0,0,-$V$35*$C$31*$H$27*$R$35) -> 0 | V83: =IF(S83=0,0,$V$35*$H$26*$R$35) -> 0 | W83: =(0.6*T83+0.7*U83)*$R$35/2 -> 0 | X83: =T83*$R$35/2 -> 0 | Z83: =IF(S83=0,0,$AD$35*$AP$25) -> 0 | AA83: =IFERROR(Z83/$R$35,0) -> 0 | AB83: =Z83*($F$25+($C$16+$C$17+IF($C$13="single",1.5,3)+3)/12) -> 0 | AC83: =AB83-W83 -> 0 | AD83: {=IFERROR(IF(AC83<0,0,AC83/($R$35-INDEX(hd_off,MATCH(AQ83,hd_mark,0),0)/12)),0)} -> 0 | AE83: =IF(S83=0,0,$AD$35*$AM$25) -> 0 | AF83: =IFERROR(AE83/$R$35,0) -> 0 | AG83: =AE83*($F$25+($C$16+$C$17+IF($C$13="single",1.5,3)+3)/12) -> 0 | AH83: =AG83-X83 -> 0 | AI83: {=IFERROR(IF(AH83<0,0,AH83/($R$35-INDEX(hd_off,MATCH(AQ83,hd_mark,0),0)/12)),0)} -> 0 | AJ83: =MAX($F$25,$AC$35)/$Q$52 -> 0.29920977 | AK83: =IF(AJ83=0,0,IF(AJ83>2,1.25-0.125*AJ83,1)) -> 1 | AL83: {=IFERROR(INDEX(sheath_ecap_asd,MATCH(AP83,sheath_mark,0),0)*AK83,0)} -> 0 | AM83: {=IFERROR(INDEX(sheath_wcap_asd,MATCH(AP83,sheath_mark,0),0)*AK83,0)} -> 0 | AN83: {=IFERROR(INDEX(hd_cap,MATCH(AQ83,hd_mark,0),0),0)} -> 0 | AU83: =$Q$25 -> Roof | AV83: =$E$25 -> 33.171875 | AW83: {=IFERROR(IF(AV83=0,0,(INDEX($C$33:$C$38,MATCH($AZ$35,$B$33:$B$38,0),0)*(AV83+$BA$35)+$AY$35*$C$31)*$AU$35),0)} -> 0 | AX83: =IF(AV83=0,0,-$AY$35*$C$31*$H$27*$AU$35) -> 0 | AY83: =IF(AV83=0,0,$AY$35*$H$26*$AU$35) -> 0 | AZ83: =(0.6*AW83+0.7*AX83)*$AU$35/2 -> 0 | BA83: =AW83*$AU$35/2 -> 0 | BC83: =IF(AV83=0,0,$BG$35*$AP$25) -> 0 | BD83: =IFERROR(BC83/$AU$35,0) -> 0 | BE83: =BC83*($F$25+($C$16+$C$17+IF($C$13="single",1.5,3)+3)/12) -> 0 | BF83: =BE83-AZ83 -> 0 | BG83: {=IFERROR(IF(BF83<0,0,BF83/($AU$35-INDEX(hd_off,MATCH(BT83,hd_mark,0),0)/12)),0)} -> 0 | BH83: =IF(AV83=0,0,$BG$35*$AM$25) -> 0 | BI83: =IFERROR(BH83/$AU$35,0) -> 0 | BJ83: =BH83*($F$25+($C$16+$C$17+IF($C$13="single",1.5,3)+3)/12) -> 0 | BK83: =BJ83-BA83 -> 0 | BL83: {=IFERROR(IF(BK83<0,0,BK83/($AU$35-INDEX(hd_off,MATCH(BT83,hd_mark,0),0)/12)),0)} -> 0 | BM83: =MAX($F$25,$BF$35)/$Q$52 -> 0.29920977 | BN83: =IF(BM83=0,0,IF(BM83>2,1.25-0.125*BM83,1)) -> 1 | BO83: {=IFERROR(INDEX(sheath_ecap_asd,MATCH(BS83,sheath_mark,0),0)*BN83,0)} -> 0 | BP83: {=IFERROR(INDEX(sheath_wcap_asd,MATCH(BS83,sheath_mark,0),0)*BN83,0)} -> 0 | BQ83: {=IFERROR(INDEX(hd_cap,MATCH(BT83,hd_mark,0),0),0)} -> 0
Q85: =$Q$36 -> A.07 | R85: =$Q$21 -> L2 | S85: =$E$21 -> 10.6875 | T85: {=IFERROR(IF(S85=0,0,(INDEX($C$33:$C$38,MATCH($W$36,$B$33:$B$38,0),0)*(S89+$X$36)+$T$36*COUNTIF(S85:S88,">0")*$C$32+$V$36*$C$31)*$R$36),0)} -> 0 | U85: =IF(S85=0,0,-(COUNTIF(S85:S88,">0")*$T$36*$C$32+$V$36*$C$31)*$H$27*$R$36) -> 0 | V85: =IF(S85=0,0,$V$36*$H$26*$R$36) -> 0 | W85: =(0.6*T85+0.7*U85)*$R$36/2 -> 0 | X85: =(0.6*T85+0.6*V85)*$R$36/2 -> 0 | Z85: =IF(S85=0,0,$AD$36*$AP$21) -> 0 | AA85: =IFERROR(Z85/$R$36,0) -> 0 | AB85: =Z85*($F$21+IF($F$21=0,0,($C$14+$C$15+IF($C$13="single",1.5,3)+3)/12)) -> 0 | AC85: =AB85-W85 -> 0 | AD85: {=IFERROR(IF(AC85<0,0,AC85/($R$36-INDEX(hd_off,MATCH(AQ85,hd_mark,0),0)/12)),0)} -> 0 | AE85: =IF(S85=0,0,$AD$36*$AM$21) -> 0 | AF85: =IFERROR(AE85/$R$36,0) -> 0 | AG85: =AE85*($F$21+IF($F$21=0,0,($C$14+$C$15+IF($C$13="single",1.5,3)+3)/12)) -> 0 | AH85: =AG85-X85 -> 0 | AI85: {=IFERROR(IF(AH85<0,0,AH85/($R$36-INDEX(hd_off,MATCH(AQ85,hd_mark,0),0)/12)),0)} -> 0 | AJ85: =MAX($F$21,$Y$36)/$Q$52 -> 0.30172414 | AK85: =IF(AJ85=0,0,IF(AJ85>2,1.25-0.125*AJ85,1)) -> 1 | AL85: {=IFERROR(INDEX(sheath_ecap_asd,MATCH(AP85,sheath_mark,0),0)*AK85,0)} -> 0 | AM85: {=IFERROR(INDEX(sheath_wcap_asd,MATCH(AP85,sheath_mark,0),0)*AK85,0)} -> 0 | AN85: {=IFERROR(INDEX(hd_cap,MATCH(AQ85,hd_mark,0),0),0)} -> 0 | AT85: =$AT$36 -> 1.07 | AU85: =$Q$21 -> L2 | AV85: =$E$21 -> 10.6875 | AW85: {=IFERROR(IF(AV85=0,0,(INDEX($C$33:$C$38,MATCH($AZ$36,$B$33:$B$38,0),0)*(AV89+$BA$36)+$AW$36*COUNTIF(AV85:AV88,">0")*$C$32+$AY$36*$C$31)*$AU$36),0)} -> 0 | AX85: =IF(AV85=0,0,-(COUNTIF(AV85:AV88,">0")*$AW$36*$C$32+$AY$36*$C$31)*$H$27*$AU$36) -> 0 | AY85: =IF(AV85=0,0,$AY$36*$H$26*$AU$36) -> 0 | AZ85: =(0.6*AW85+0.7*AX85)*$AU$36/2 -> 0 | BA85: =(0.6*AW85+0.6*AY85)*$AU$36/2 -> 0 | BC85: =IF(AV85=0,0,$BG$36*$AP$21) -> 0 | BD85: =IFERROR(BC85/$AU$36,0) -> 0 | BE85: =BC85*($F$21+IF($F$21=0,0,($C$14+$C$15+IF($C$13="single",1.5,3)+3)/12)) -> 0 | BF85: =BE85-AZ85 -> 0 | BG85: {=IFERROR(IF(BF85<0,0,BF85/($AU$36-INDEX(hd_off,MATCH(BT85,hd_mark,0),0)/12)),0)} -> 0 | BH85: =IF(AV85=0,0,$BG$36*$AM$21) -> 0 | BI85: =IFERROR(BH85/$AU$36,0) -> 0 | BJ85: =BH85*($F$21+IF($F$21=0,0,($C$14+$C$15+IF($C$13="single",1.5,3)+3)/12)) -> 0 | BK85: =BJ85-BA85 -> 0 | BL85: {=IFERROR(IF(BK85<0,0,BK85/($AU$36-INDEX(hd_off,MATCH(BT85,hd_mark,0),0)/12)),0)} -> 0 | BM85: =MAX($F$21,$BB$36)/$Q$52 -> 0.30172414 | BN85: =IF(BM85=0,0,IF(BM85>2,1.25-0.125*BM85,1)) -> 1 | BO85: {=IFERROR(INDEX(sheath_ecap_asd,MATCH(BS85,sheath_mark,0),0)*BN85,0)} -> 0 | BP85: {=IFERROR(INDEX(sheath_wcap_asd,MATCH(BS85,sheath_mark,0),0)*BN85,0)} -> 0 | BQ85: {=IFERROR(INDEX(hd_cap,MATCH(BT85,hd_mark,0),0),0)} -> 0
R86: =$Q$22 -> L3 | S86: =$E$22 -> 21.375 | T86: {=IFERROR(IF(S86=0,0,(INDEX($C$33:$C$38,MATCH($W$36,$B$33:$B$38,0),0)*(S89+$X$36)+$T$36*COUNTIF(S86:S88,">0")*$C$32+$V$36*$C$31)*$R$36),0)} -> 0 | U86: =IF(S86=0,0,-(COUNTIF(S86:S88,">0")*$T$36*$C$32+$V$36*$C$31)*$H$27*$R$36) -> 0 | V86: =IF(S86=0,0,$V$36*$H$26*$R$36) -> 0 | W86: =(0.6*T86+0.7*U86)*$R$36/2 -> 0 | X86: =T86*$R$36/2 -> 0 | Z86: =IF(S86=0,0,$AD$36*$AP$22) -> 0 | AA86: =IFERROR(Z86/$R$36,0) -> 0 | AB86: =Z86*($F$22+IF($F$22=0,0,($C$14+$C$15+IF($C$13="single",1.5,3)+3)/12)) -> 0 | AC86: =AB86-W86 -> 0 | AD86: {=IFERROR(IF(AC86<0,0,AC86/($R$36-INDEX(hd_off,MATCH(AQ86,hd_mark,0),0)/12)),0)} -> 0 | AE86: =IF(S86=0,0,$AD$36*$AM$22) -> 0 | AF86: =IFERROR(AE86/$R$36,0) -> 0 | AG86: =AE86*($F$22+IF($F$22=0,0,($C$14+$C$15+IF($C$13="single",1.5,3)+3)/12)) -> 0 | AH86: =AG86-X86 -> 0 | AI86: {=IFERROR(IF(AH86<0,0,AH86/($R$36-INDEX(hd_off,MATCH(AQ86,hd_mark,0),0)/12)),0)} -> 0 | AJ86: =MAX($F$22,$Z$36)/$Q$52 -> 0.30172414 | AK86: =IF(AJ86=0,0,IF(AJ86>2,1.25-0.125*AJ86,1)) -> 1 | AL86: {=IFERROR(INDEX(sheath_ecap_asd,MATCH(AP86,sheath_mark,0),0)*AK86,0)} -> 0 | AM86: {=IFERROR(INDEX(sheath_wcap_asd,MATCH(AP86,sheath_mark,0),0)*AK86,0)} -> 0 | AN86: {=IFERROR(INDEX(hd_cap,MATCH(AQ86,hd_mark,0),0),0)} -> 0 | AU86: =$Q$22 -> L3 | AV86: =$E$22 -> 21.375 | AW86: {=IFERROR(IF(AV86=0,0,(INDEX($C$33:$C$38,MATCH($AZ$36,$B$33:$B$38,0),0)*(AV89+$BA$36)+$AW$36*COUNTIF(AV86:AV88,">0")*$C$32+$AY$36*$C$31)*$AU$36),0)} -> 0 | AX86: =IF(AV86=0,0,-(COUNTIF(AV86:AV88,">0")*$AW$36*$C$32+$AY$36*$C$31)*$H$27*$AU$36) -> 0 | AY86: =IF(AV86=0,0,$AY$36*$H$26*$AU$36) -> 0 | AZ86: =(0.6*AW86+0.7*AX86)*$AU$36/2 -> 0 | BA86: =AW86*$AU$36/2 -> 0 | BC86: =IF(AV86=0,0,$BG$36*$AP$22) -> 0 | BD86: =IFERROR(BC86/$AU$36,0) -> 0 | BE86: =BC86*($F$22+IF($F$22=0,0,($C$14+$C$15+IF($C$13="single",1.5,3)+3)/12)) -> 0 | BF86: =BE86-AZ86 -> 0 | BG86: {=IFERROR(IF(BF86<0,0,BF86/($AU$36-INDEX(hd_off,MATCH(BT86,hd_mark,0),0)/12)),0)} -> 0 | BH86: =IF(AV86=0,0,$BG$36*$AM$22) -> 0 | BI86: =IFERROR(BH86/$AU$36,0) -> 0 | BJ86: =BH86*($F$22+IF($F$22=0,0,($C$14+$C$15+IF($C$13="single",1.5,3)+3)/12)) -> 0 | BK86: =BJ86-BA86 -> 0 | BL86: {=IFERROR(IF(BK86<0,0,BK86/($AU$36-INDEX(hd_off,MATCH(BT86,hd_mark,0),0)/12)),0)} -> 0 | BM86: =MAX($F$22,$BC$36)/$Q$52 -> 0.30172414 | BN86: =IF(BM86=0,0,IF(BM86>2,1.25-0.125*BM86,1)) -> 1 | BO86: {=IFERROR(INDEX(sheath_ecap_asd,MATCH(BS86,sheath_mark,0),0)*BN86,0)} -> 0 | BP86: {=IFERROR(INDEX(sheath_wcap_asd,MATCH(BS86,sheath_mark,0),0)*BN86,0)} -> 0 | BQ86: {=IFERROR(INDEX(hd_cap,MATCH(BT86,hd_mark,0),0),0)} -> 0
Q87: Length | R87: =$Q$23 -> L4 | S87: =$E$23 -> 0 | T87: {=IFERROR(IF(S87=0,0,(INDEX($C$33:$C$38,MATCH($W$36,$B$33:$B$38,0),0)*(S89+$X$36)+$T$36*COUNTIF(S87:S88,">0")*$C$32+$V$36*$C$31)*$R$36),0)} -> 0 | U87: =IF(S87=0,0,-(COUNTIF(S87:S88,">0")*$T$36*$C$32+$V$36*$C$31)*$H$27*$R$36) -> 0 | V87: =IF(S87=0,0,$V$36*$H$26*$R$36) -> 0 | W87: =(0.6*T87+0.7*U87)*$R$36/2 -> 0 | X87: =T87*$R$36/2 -> 0 | Z87: =IF(S87=0,0,$AD$36*$AP$23) -> 0 | AA87: =IFERROR(Z87/$R$36,0) -> 0 | AB87: =Z87*($F$23+IF($F$23=0,0,($C$14+$C$15+IF($C$13="single",1.5,3)+3)/12)) -> 0 | AC87: =AB87-W87 -> 0 | AD87: {=IFERROR(IF(AC87<0,0,AC87/($R$36-INDEX(hd_off,MATCH(AQ87,hd_mark,0),0)/12)),0)} -> 0 | AE87: =IF(S87=0,0,$AD$36*$AM$23) -> 0 | AF87: =IFERROR(AE87/$R$36,0) -> 0 | AG87: =AE87*($F$23+IF($F$23=0,0,($C$14+$C$15+IF($C$13="single",1.5,3)+3)/12)) -> 0 | AH87: =AG87-X87 -> 0 | AI87: {=IFERROR(IF(AH87<0,0,AH87/($R$36-INDEX(hd_off,MATCH(AQ87,hd_mark,0),0)/12)),0)} -> 0 | AJ87: =MAX($F$23,$AA$36)/$Q$52 -> 0 | AK87: =IF(AJ87=0,0,IF(AJ87>2,1.25-0.125*AJ87,1)) -> 0 | AL87: {=IFERROR(INDEX(sheath_ecap_asd,MATCH(AP87,sheath_mark,0),0)*AK87,0)} -> 0 | AM87: {=IFERROR(INDEX(sheath_wcap_asd,MATCH(AP87,sheath_mark,0),0)*AK87,0)} -> 0 | AN87: {=IFERROR(INDEX(hd_cap,MATCH(AQ87,hd_mark,0),0),0)} -> 0 | AT87: Length | AU87: =$Q$23 -> L4 | AV87: =$E$23 -> 0 | AW87: {=IFERROR(IF(AV87=0,0,(INDEX($C$33:$C$38,MATCH($AZ$36,$B$33:$B$38,0),0)*(AV89+$BA$36)+$AW$36*COUNTIF(AV87:AV88,">0")*$C$32+$AY$36*$C$31)*$AU$36),0)} -> 0 | AX87: =IF(AV87=0,0,-(COUNTIF(AV87:AV88,">0")*$AW$36*$C$32+$AY$36*$C$31)*$H$27*$AU$36) -> 0 | AY87: =IF(AV87=0,0,$AY$36*$H$26*$AU$36) -> 0 | AZ87: =(0.6*AW87+0.7*AX87)*$AU$36/2 -> 0 | BA87: =AW87*$AU$36/2 -> 0 | BC87: =IF(AV87=0,0,$BG$36*$AP$23) -> 0 | BD87: =IFERROR(BC87/$AU$36,0) -> 0 | BE87: =BC87*($F$23+IF($F$23=0,0,($C$14+$C$15+IF($C$13="single",1.5,3)+3)/12)) -> 0 | BF87: =BE87-AZ87 -> 0 | BG87: {=IFERROR(IF(BF87<0,0,BF87/($AU$36-INDEX(hd_off,MATCH(BT87,hd_mark,0),0)/12)),0)} -> 0 | BH87: =IF(AV87=0,0,$BG$36*$AM$23) -> 0 | BI87: =IFERROR(BH87/$AU$36,0) -> 0 | BJ87: =BH87*($F$23+IF($F$23=0,0,($C$14+$C$15+IF($C$13="single",1.5,3)+3)/12)) -> 0 | BK87: =BJ87-BA87 -> 0 | BL87: {=IFERROR(IF(BK87<0,0,BK87/($AU$36-INDEX(hd_off,MATCH(BT87,hd_mark,0),0)/12)),0)} -> 0 | BM87: =MAX($F$23,$BD$36)/$Q$52 -> 0 | BN87: =IF(BM87=0,0,IF(BM87>2,1.25-0.125*BM87,1)) -> 0 | BO87: {=IFERROR(INDEX(sheath_ecap_asd,MATCH(BS87,sheath_mark,0),0)*BN87,0)} -> 0 | BP87: {=IFERROR(INDEX(sheath_wcap_asd,MATCH(BS87,sheath_mark,0),0)*BN87,0)} -> 0 | BQ87: {=IFERROR(INDEX(hd_cap,MATCH(BT87,hd_mark,0),0),0)} -> 0
Q88: =$R$36 -> 0 | R88: =$Q$24 -> L5 | S88: =$E$24 -> 0 | T88: {=IFERROR(IF(S88=0,0,(INDEX($C$33:$C$38,MATCH($W$36,$B$33:$B$38,0),0)*(S89+$X$36)+$T$36*COUNTIF(S88:S88,">0")*$C$32+$V$36*$C$31)*$R$36),0)} -> 0 | U88: =IF(S88=0,0,-(COUNTIF(S88:S88,">0")*$T$36*$C$32+$V$36*$C$31)*$H$27*$R$36) -> 0 | V88: =IF(S88=0,0,$V$36*$H$26*$R$36) -> 0 | W88: =(0.6*T88+0.7*U88)*$R$36/2 -> 0 | X88: =T88*$R$36/2 -> 0 | Z88: =IF(S88=0,0,$AD$36*$AP$24) -> 0 | AA88: =IFERROR(Z88/$R$36,0) -> 0 | AB88: =Z88*($F$24+IF($F$24=0,0,($C$14+$C$15+IF($C$13="single",1.5,3)+3)/12)) -> 0 | AC88: =AB88-W88 -> 0 | AD88: {=IFERROR(IF(AC88<0,0,AC88/($R$36-INDEX(hd_off,MATCH(AQ88,hd_mark,0),0)/12)),0)} -> 0 | AE88: =IF(S88=0,0,$AD$36*$AM$24) -> 0 | AF88: =IFERROR(AE88/$R$36,0) -> 0 | AG88: =AE88*($F$24+IF($F$24=0,0,($C$14+$C$15+IF($C$13="single",1.5,3)+3)/12)) -> 0 | AH88: =AG88-X88 -> 0 | AI88: {=IFERROR(IF(AH88<0,0,AH88/($R$36-INDEX(hd_off,MATCH(AQ88,hd_mark,0),0)/12)),0)} -> 0 | AJ88: =MAX($F$24,$AB$36)/$Q$52 -> 0 | AK88: =IF(AJ88=0,0,IF(AJ88>2,1.25-0.125*AJ88,1)) -> 0 | AL88: {=IFERROR(INDEX(sheath_ecap_asd,MATCH(AP88,sheath_mark,0),0)*AK88,0)} -> 0 | AM88: {=IFERROR(INDEX(sheath_wcap_asd,MATCH(AP88,sheath_mark,0),0)*AK88,0)} -> 0 | AN88: {=IFERROR(INDEX(hd_cap,MATCH(AQ88,hd_mark,0),0),0)} -> 0 | AT88: =$R$36 -> 0 | AU88: =$Q$24 -> L5 | AV88: =$E$24 -> 0 | AW88: {=IFERROR(IF(AV88=0,0,(INDEX($C$33:$C$38,MATCH($AZ$36,$B$33:$B$38,0),0)*(AV89+$BA$36)+$AW$36*COUNTIF(AV88:AV88,">0")*$C$32+$AY$36*$C$31)*$AU$36),0)} -> 0 | AX88: =IF(AV88=0,0,-(COUNTIF(AV88:AV88,">0")*$AW$36*$C$32+$AY$36*$C$31)*$H$27*$AU$36) -> 0 | AY88: =IF(AV88=0,0,$AY$36*$H$26*$AU$36) -> 0 | AZ88: =(0.6*AW88+0.7*AX88)*$AU$36/2 -> 0 | BA88: =AW88*$AU$36/2 -> 0 | BC88: =IF(AV88=0,0,$BG$36*$AP$24) -> 0 | BD88: =IFERROR(BC88/$AU$36,0) -> 0 | BE88: =BC88*($F$24+IF($F$24=0,0,($C$14+$C$15+IF($C$13="single",1.5,3)+3)/12)) -> 0 | BF88: =BE88-AZ88 -> 0 | BG88: {=IFERROR(IF(BF88<0,0,BF88/($AU$36-INDEX(hd_off,MATCH(BT88,hd_mark,0),0)/12)),0)} -> 0 | BH88: =IF(AV88=0,0,$BG$36*$AM$24) -> 0 | BI88: =IFERROR(BH88/$AU$36,0) -> 0 | BJ88: =BH88*($F$24+IF($F$24=0,0,($C$14+$C$15+IF($C$13="single",1.5,3)+3)/12)) -> 0 | BK88: =BJ88-BA88 -> 0 | BL88: {=IFERROR(IF(BK88<0,0,BK88/($AU$36-INDEX(hd_off,MATCH(BT88,hd_mark,0),0)/12)),0)} -> 0 | BM88: =MAX($F$24,$BE$36)/$Q$52 -> 0 | BN88: =IF(BM88=0,0,IF(BM88>2,1.25-0.125*BM88,1)) -> 0 | BO88: {=IFERROR(INDEX(sheath_ecap_asd,MATCH(BS88,sheath_mark,0),0)*BN88,0)} -> 0 | BP88: {=IFERROR(INDEX(sheath_wcap_asd,MATCH(BS88,sheath_mark,0),0)*BN88,0)} -> 0 | BQ88: {=IFERROR(INDEX(hd_cap,MATCH(BT88,hd_mark,0),0),0)} -> 0
R89: =$Q$25 -> Roof | S89: =$E$25 -> 33.171875 | T89: {=IFERROR(IF(S89=0,0,(INDEX($C$33:$C$38,MATCH($W$36,$B$33:$B$38,0),0)*(S89+$X$36)+$V$36*$C$31)*$R$36),0)} -> 0 | U89: =IF(S89=0,0,-$V$36*$C$31*$H$27*$R$36) -> 0 | V89: =IF(S89=0,0,$V$36*$H$26*$R$36) -> 0 | W89: =(0.6*T89+0.7*U89)*$R$36/2 -> 0 | X89: =T89*$R$36/2 -> 0 | Z89: =IF(S89=0,0,$AD$36*$AP$25) -> 0 | AA89: =IFERROR(Z89/$R$36,0) -> 0 | AB89: =Z89*($F$25+($C$16+$C$17+IF($C$13="single",1.5,3)+3)/12) -> 0 | AC89: =AB89-W89 -> 0 | AD89: {=IFERROR(IF(AC89<0,0,AC89/($R$36-INDEX(hd_off,MATCH(AQ89,hd_mark,0),0)/12)),0)} -> 0 | AE89: =IF(S89=0,0,$AD$36*$AM$25) -> 0 | AF89: =IFERROR(AE89/$R$36,0) -> 0 | AG89: =AE89*($F$25+($C$16+$C$17+IF($C$13="single",1.5,3)+3)/12) -> 0 | AH89: =AG89-X89 -> 0 | AI89: {=IFERROR(IF(AH89<0,0,AH89/($R$36-INDEX(hd_off,MATCH(AQ89,hd_mark,0),0)/12)),0)} -> 0 | AJ89: =MAX($F$25,$AC$36)/$Q$52 -> 0.29920977 | AK89: =IF(AJ89=0,0,IF(AJ89>2,1.25-0.125*AJ89,1)) -> 1 | AL89: {=IFERROR(INDEX(sheath_ecap_asd,MATCH(AP89,sheath_mark,0),0)*AK89,0)} -> 0 | AM89: {=IFERROR(INDEX(sheath_wcap_asd,MATCH(AP89,sheath_mark,0),0)*AK89,0)} -> 0 | AN89: {=IFERROR(INDEX(hd_cap,MATCH(AQ89,hd_mark,0),0),0)} -> 0 | AU89: =$Q$25 -> Roof | AV89: =$E$25 -> 33.171875 | AW89: {=IFERROR(IF(AV89=0,0,(INDEX($C$33:$C$38,MATCH($AZ$36,$B$33:$B$38,0),0)*(AV89+$BA$36)+$AY$36*$C$31)*$AU$36),0)} -> 0 | AX89: =IF(AV89=0,0,-$AY$36*$C$31*$H$27*$AU$36) -> 0 | AY89: =IF(AV89=0,0,$AY$36*$H$26*$AU$36) -> 0 | AZ89: =(0.6*AW89+0.7*AX89)*$AU$36/2 -> 0 | BA89: =AW89*$AU$36/2 -> 0 | BC89: =IF(AV89=0,0,$BG$36*$AP$25) -> 0 | BD89: =IFERROR(BC89/$AU$36,0) -> 0 | BE89: =BC89*($F$25+($C$16+$C$17+IF($C$13="single",1.5,3)+3)/12) -> 0 | BF89: =BE89-AZ89 -> 0 | BG89: {=IFERROR(IF(BF89<0,0,BF89/($AU$36-INDEX(hd_off,MATCH(BT89,hd_mark,0),0)/12)),0)} -> 0 | BH89: =IF(AV89=0,0,$BG$36*$AM$25) -> 0 | BI89: =IFERROR(BH89/$AU$36,0) -> 0 | BJ89: =BH89*($F$25+($C$16+$C$17+IF($C$13="single",1.5,3)+3)/12) -> 0 | BK89: =BJ89-BA89 -> 0 | BL89: {=IFERROR(IF(BK89<0,0,BK89/($AU$36-INDEX(hd_off,MATCH(BT89,hd_mark,0),0)/12)),0)} -> 0 | BM89: =MAX($F$25,$BF$36)/$Q$52 -> 0.29920977 | BN89: =IF(BM89=0,0,IF(BM89>2,1.25-0.125*BM89,1)) -> 1 | BO89: {=IFERROR(INDEX(sheath_ecap_asd,MATCH(BS89,sheath_mark,0),0)*BN89,0)} -> 0 | BP89: {=IFERROR(INDEX(sheath_wcap_asd,MATCH(BS89,sheath_mark,0),0)*BN89,0)} -> 0 | BQ89: {=IFERROR(INDEX(hd_cap,MATCH(BT89,hd_mark,0),0),0)} -> 0
Q91: =$Q$37 -> A.08 | R91: =$Q$21 -> L2 | S91: =$E$21 -> 10.6875 | T91: {=IFERROR(IF(S91=0,0,(INDEX($C$33:$C$38,MATCH($W$37,$B$33:$B$38,0),0)*(S95+$X$37)+$T$37*COUNTIF(S91:S94,">0")*$C$32+$V$37*$C$31)*$R$37),0)} -> 0 | U91: =IF(S91=0,0,-(COUNTIF(S91:S94,">0")*$T$37*$C$32+$V$37*$C$31)*$H$27*$R$37) -> 0 | V91: =IF(S91=0,0,$V$37*$H$26*$R$37) -> 0 | W91: =(0.6*T91+0.7*U91)*$R$37/2 -> 0 | X91: =(0.6*T91+0.6*V91)*$R$37/2 -> 0 | Z91: =IF(S91=0,0,$AD$37*$AP$21) -> 0 | AA91: =IFERROR(Z91/$R$37,0) -> 0 | AB91: =Z91*($F$21+IF($F$21=0,0,($C$14+$C$15+IF($C$13="single",1.5,3)+3)/12)) -> 0 | AC91: =AB91-W91 -> 0 | AD91: {=IFERROR(IF(AC91<0,0,AC91/($R$37-INDEX(hd_off,MATCH(AQ91,hd_mark,0),0)/12)),0)} -> 0 | AE91: =IF(S91=0,0,$AD$37*$AM$21) -> 0 | AF91: =IFERROR(AE91/$R$37,0) -> 0 | AG91: =AE91*($F$21+IF($F$21=0,0,($C$14+$C$15+IF($C$13="single",1.5,3)+3)/12)) -> 0 | AH91: =AG91-X91 -> 0 | AI91: {=IFERROR(IF(AH91<0,0,AH91/($R$37-INDEX(hd_off,MATCH(AQ91,hd_mark,0),0)/12)),0)} -> 0 | AJ91: =MAX($F$21,$Y$37)/$Q$52 -> 0.30172414 | AK91: =IF(AJ91=0,0,IF(AJ91>2,1.25-0.125*AJ91,1)) -> 1 | AL91: {=IFERROR(INDEX(sheath_ecap_asd,MATCH(AP91,sheath_mark,0),0)*AK91,0)} -> 0 | AM91: {=IFERROR(INDEX(sheath_wcap_asd,MATCH(AP91,sheath_mark,0),0)*AK91,0)} -> 0 | AN91: {=IFERROR(INDEX(hd_cap,MATCH(AQ91,hd_mark,0),0),0)} -> 0 | AT91: =$AT$37 -> 1.08 | AU91: =$Q$21 -> L2 | AV91: =$E$21 -> 10.6875 | AW91: {=IFERROR(IF(AV91=0,0,(INDEX($C$33:$C$38,MATCH($AZ$37,$B$33:$B$38,0),0)*(AV95+$BA$37)+$AW$37*COUNTIF(AV91:AV94,">0")*$C$32+$AY$37*$C$31)*$AU$37),0)} -> 0 | AX91: =IF(AV91=0,0,-(COUNTIF(AV91:AV94,">0")*$AW$37*$C$32+$AY$37*$C$31)*$H$27*$AU$37) -> 0 | AY91: =IF(AV91=0,0,$AY$37*$H$26*$AU$37) -> 0 | AZ91: =(0.6*AW91+0.7*AX91)*$AU$37/2 -> 0 | BA91: =(0.6*AW91+0.6*AY91)*$AU$37/2 -> 0 | BC91: =IF(AV91=0,0,$BG$37*$AP$21) -> 0 | BD91: =IFERROR(BC91/$AU$37,0) -> 0 | BE91: =BC91*($F$21+IF($F$21=0,0,($C$14+$C$15+IF($C$13="single",1.5,3)+3)/12)) -> 0 | BF91: =BE91-AZ91 -> 0 | BG91: {=IFERROR(IF(BF91<0,0,BF91/($AU$37-INDEX(hd_off,MATCH(BT91,hd_mark,0),0)/12)),0)} -> 0 | BH91: =IF(AV91=0,0,$BG$37*$AM$21) -> 0 | BI91: =IFERROR(BH91/$AU$37,0) -> 0 | BJ91: =BH91*($F$21+IF($F$21=0,0,($C$14+$C$15+IF($C$13="single",1.5,3)+3)/12)) -> 0 | BK91: =BJ91-BA91 -> 0 | BL91: {=IFERROR(IF(BK91<0,0,BK91/($AU$37-INDEX(hd_off,MATCH(BT91,hd_mark,0),0)/12)),0)} -> 0 | BM91: =MAX($F$21,$BB$37)/$Q$52 -> 0.30172414 | BN91: =IF(BM91=0,0,IF(BM91>2,1.25-0.125*BM91,1)) -> 1 | BO91: {=IFERROR(INDEX(sheath_ecap_asd,MATCH(BS91,sheath_mark,0),0)*BN91,0)} -> 0 | BP91: {=IFERROR(INDEX(sheath_wcap_asd,MATCH(BS91,sheath_mark,0),0)*BN91,0)} -> 0 | BQ91: {=IFERROR(INDEX(hd_cap,MATCH(BT91,hd_mark,0),0),0)} -> 0
R92: =$Q$22 -> L3 | S92: =$E$22 -> 21.375 | T92: {=IFERROR(IF(S92=0,0,(INDEX($C$33:$C$38,MATCH($W$37,$B$33:$B$38,0),0)*(S95+$X$37)+$T$37*COUNTIF(S92:S94,">0")*$C$32+$V$37*$C$31)*$R$37),0)} -> 0 | U92: =IF(S92=0,0,-(COUNTIF(S92:S94,">0")*$T$37*$C$32+$V$37*$C$31)*$H$27*$R$37) -> 0 | V92: =IF(S92=0,0,$V$37*$H$26*$R$37) -> 0 | W92: =(0.6*T92+0.7*U92)*$R$37/2 -> 0 | X92: =T92*$R$37/2 -> 0 | Z92: =IF(S92=0,0,$AD$37*$AP$22) -> 0 | AA92: =IFERROR(Z92/$R$37,0) -> 0 | AB92: =Z92*($F$22+IF($F$22=0,0,($C$14+$C$15+IF($C$13="single",1.5,3)+3)/12)) -> 0 | AC92: =AB92-W92 -> 0 | AD92: {=IFERROR(IF(AC92<0,0,AC92/($R$37-INDEX(hd_off,MATCH(AQ92,hd_mark,0),0)/12)),0)} -> 0 | AE92: =IF(S92=0,0,$AD$37*$AM$22) -> 0 | AF92: =IFERROR(AE92/$R$37,0) -> 0 | AG92: =AE92*($F$22+IF($F$22=0,0,($C$14+$C$15+IF($C$13="single",1.5,3)+3)/12)) -> 0 | AH92: =AG92-X92 -> 0 | AI92: {=IFERROR(IF(AH92<0,0,AH92/($R$37-INDEX(hd_off,MATCH(AQ92,hd_mark,0),0)/12)),0)} -> 0 | AJ92: =MAX($F$22,$Z$37)/$Q$52 -> 0.30172414 | AK92: =IF(AJ92=0,0,IF(AJ92>2,1.25-0.125*AJ92,1)) -> 1 | AL92: {=IFERROR(INDEX(sheath_ecap_asd,MATCH(AP92,sheath_mark,0),0)*AK92,0)} -> 0 | AM92: {=IFERROR(INDEX(sheath_wcap_asd,MATCH(AP92,sheath_mark,0),0)*AK92,0)} -> 0 | AN92: {=IFERROR(INDEX(hd_cap,MATCH(AQ92,hd_mark,0),0),0)} -> 0 | AU92: =$Q$22 -> L3 | AV92: =$E$22 -> 21.375 | AW92: {=IFERROR(IF(AV92=0,0,(INDEX($C$33:$C$38,MATCH($AZ$37,$B$33:$B$38,0),0)*(AV95+$BA$37)+$AW$37*COUNTIF(AV92:AV94,">0")*$C$32+$AY$37*$C$31)*$AU$37),0)} -> 0 | AX92: =IF(AV92=0,0,-(COUNTIF(AV92:AV94,">0")*$AW$37*$C$32+$AY$37*$C$31)*$H$27*$AU$37) -> 0 | AY92: =IF(AV92=0,0,$AY$37*$H$26*$AU$37) -> 0 | AZ92: =(0.6*AW92+0.7*AX92)*$AU$37/2 -> 0 | BA92: =AW92*$AU$37/2 -> 0 | BC92: =IF(AV92=0,0,$BG$37*$AP$22) -> 0 | BD92: =IFERROR(BC92/$AU$37,0) -> 0 | BE92: =BC92*($F$22+IF($F$22=0,0,($C$14+$C$15+IF($C$13="single",1.5,3)+3)/12)) -> 0 | BF92: =BE92-AZ92 -> 0 | BG92: {=IFERROR(IF(BF92<0,0,BF92/($AU$37-INDEX(hd_off,MATCH(BT92,hd_mark,0),0)/12)),0)} -> 0 | BH92: =IF(AV92=0,0,$BG$37*$AM$22) -> 0 | BI92: =IFERROR(BH92/$AU$37,0) -> 0 | BJ92: =BH92*($F$22+IF($F$22=0,0,($C$14+$C$15+IF($C$13="single",1.5,3)+3)/12)) -> 0 | BK92: =BJ92-BA92 -> 0 | BL92: {=IFERROR(IF(BK92<0,0,BK92/($AU$37-INDEX(hd_off,MATCH(BT92,hd_mark,0),0)/12)),0)} -> 0 | BM92: =MAX($F$22,$BC$37)/$Q$52 -> 0.30172414 | BN92: =IF(BM92=0,0,IF(BM92>2,1.25-0.125*BM92,1)) -> 1 | BO92: {=IFERROR(INDEX(sheath_ecap_asd,MATCH(BS92,sheath_mark,0),0)*BN92,0)} -> 0 | BP92: {=IFERROR(INDEX(sheath_wcap_asd,MATCH(BS92,sheath_mark,0),0)*BN92,0)} -> 0 | BQ92: {=IFERROR(INDEX(hd_cap,MATCH(BT92,hd_mark,0),0),0)} -> 0
Q93: Length | R93: =$Q$23 -> L4 | S93: =$E$23 -> 0 | T93: {=IFERROR(IF(S93=0,0,(INDEX($C$33:$C$38,MATCH($W$37,$B$33:$B$38,0),0)*(S95+$X$37)+$T$37*COUNTIF(S93:S94,">0")*$C$32+$V$37*$C$31)*$R$37),0)} -> 0 | U93: =IF(S93=0,0,-(COUNTIF(S93:S94,">0")*$T$37*$C$32+$V$37*$C$31)*$H$27*$R$37) -> 0 | V93: =IF(S93=0,0,$V$37*$H$26*$R$37) -> 0 | W93: =(0.6*T93+0.7*U93)*$R$37/2 -> 0 | X93: =T93*$R$37/2 -> 0 | Z93: =IF(S93=0,0,$AD$37*$AP$23) -> 0 | AA93: =IFERROR(Z93/$R$37,0) -> 0 | AB93: =Z93*($F$23+IF($F$23=0,0,($C$14+$C$15+IF($C$13="single",1.5,3)+3)/12)) -> 0 | AC93: =AB93-W93 -> 0 | AD93: {=IFERROR(IF(AC93<0,0,AC93/($R$37-INDEX(hd_off,MATCH(AQ93,hd_mark,0),0)/12)),0)} -> 0 | AE93: =IF(S93=0,0,$AD$37*$AM$23) -> 0 | AF93: =IFERROR(AE93/$R$37,0) -> 0 | AG93: =AE93*($F$23+IF($F$23=0,0,($C$14+$C$15+IF($C$13="single",1.5,3)+3)/12)) -> 0 | AH93: =AG93-X93 -> 0 | AI93: {=IFERROR(IF(AH93<0,0,AH93/($R$37-INDEX(hd_off,MATCH(AQ93,hd_mark,0),0)/12)),0)} -> 0 | AJ93: =MAX($F$23,$AA$37)/$Q$52 -> 0 | AK93: =IF(AJ93=0,0,IF(AJ93>2,1.25-0.125*AJ93,1)) -> 0 | AL93: {=IFERROR(INDEX(sheath_ecap_asd,MATCH(AP93,sheath_mark,0),0)*AK93,0)} -> 0 | AM93: {=IFERROR(INDEX(sheath_wcap_asd,MATCH(AP93,sheath_mark,0),0)*AK93,0)} -> 0 | AN93: {=IFERROR(INDEX(hd_cap,MATCH(AQ93,hd_mark,0),0),0)} -> 0 | AT93: Length | AU93: =$Q$23 -> L4 | AV93: =$E$23 -> 0 | AW93: {=IFERROR(IF(AV93=0,0,(INDEX($C$33:$C$38,MATCH($AZ$37,$B$33:$B$38,0),0)*(AV95+$BA$37)+$AW$37*COUNTIF(AV93:AV94,">0")*$C$32+$AY$37*$C$31)*$AU$37),0)} -> 0 | AX93: =IF(AV93=0,0,-(COUNTIF(AV93:AV94,">0")*$AW$37*$C$32+$AY$37*$C$31)*$H$27*$AU$37) -> 0 | AY93: =IF(AV93=0,0,$AY$37*$H$26*$AU$37) -> 0 | AZ93: =(0.6*AW93+0.7*AX93)*$AU$37/2 -> 0 | BA93: =AW93*$AU$37/2 -> 0 | BC93: =IF(AV93=0,0,$BG$37*$AP$23) -> 0 | BD93: =IFERROR(BC93/$AU$37,0) -> 0 | BE93: =BC93*($F$23+IF($F$23=0,0,($C$14+$C$15+IF($C$13="single",1.5,3)+3)/12)) -> 0 | BF93: =BE93-AZ93 -> 0 | BG93: {=IFERROR(IF(BF93<0,0,BF93/($AU$37-INDEX(hd_off,MATCH(BT93,hd_mark,0),0)/12)),0)} -> 0 | BH93: =IF(AV93=0,0,$BG$37*$AM$23) -> 0 | BI93: =IFERROR(BH93/$AU$37,0) -> 0 | BJ93: =BH93*($F$23+IF($F$23=0,0,($C$14+$C$15+IF($C$13="single",1.5,3)+3)/12)) -> 0 | BK93: =BJ93-BA93 -> 0 | BL93: {=IFERROR(IF(BK93<0,0,BK93/($AU$37-INDEX(hd_off,MATCH(BT93,hd_mark,0),0)/12)),0)} -> 0 | BM93: =MAX($F$23,$BD$37)/$Q$52 -> 0 | BN93: =IF(BM93=0,0,IF(BM93>2,1.25-0.125*BM93,1)) -> 0 | BO93: {=IFERROR(INDEX(sheath_ecap_asd,MATCH(BS93,sheath_mark,0),0)*BN93,0)} -> 0 | BP93: {=IFERROR(INDEX(sheath_wcap_asd,MATCH(BS93,sheath_mark,0),0)*BN93,0)} -> 0 | BQ93: {=IFERROR(INDEX(hd_cap,MATCH(BT93,hd_mark,0),0),0)} -> 0
Q94: =$R$37 -> 0 | R94: =$Q$24 -> L5 | S94: =$E$24 -> 0 | T94: {=IFERROR(IF(S94=0,0,(INDEX($C$33:$C$38,MATCH($W$37,$B$33:$B$38,0),0)*(S95+$X$37)+$T$37*COUNTIF(S94:S94,">0")*$C$32+$V$37*$C$31)*$R$37),0)} -> 0 | U94: =IF(S94=0,0,-(COUNTIF(S94:S94,">0")*$T$37*$C$32+$V$37*$C$31)*$H$27*$R$37) -> 0 | V94: =IF(S94=0,0,$V$37*$H$26*$R$37) -> 0 | W94: =(0.6*T94+0.7*U94)*$R$37/2 -> 0 | X94: =T94*$R$37/2 -> 0 | Z94: =IF(S94=0,0,$AD$37*$AP$24) -> 0 | AA94: =IFERROR(Z94/$R$37,0) -> 0 | AB94: =Z94*($F$24+IF($F$24=0,0,($C$14+$C$15+IF($C$13="single",1.5,3)+3)/12)) -> 0 | AC94: =AB94-W94 -> 0 | AD94: {=IFERROR(IF(AC94<0,0,AC94/($R$37-INDEX(hd_off,MATCH(AQ94,hd_mark,0),0)/12)),0)} -> 0 | AE94: =IF(S94=0,0,$AD$37*$AM$24) -> 0 | AF94: =IFERROR(AE94/$R$37,0) -> 0 | AG94: =AE94*($F$24+IF($F$24=0,0,($C$14+$C$15+IF($C$13="single",1.5,3)+3)/12)) -> 0 | AH94: =AG94-X94 -> 0 | AI94: {=IFERROR(IF(AH94<0,0,AH94/($R$37-INDEX(hd_off,MATCH(AQ94,hd_mark,0),0)/12)),0)} -> 0 | AJ94: =MAX($F$24,$AB$37)/$Q$52 -> 0 | AK94: =IF(AJ94=0,0,IF(AJ94>2,1.25-0.125*AJ94,1)) -> 0 | AL94: {=IFERROR(INDEX(sheath_ecap_asd,MATCH(AP94,sheath_mark,0),0)*AK94,0)} -> 0 | AM94: {=IFERROR(INDEX(sheath_wcap_asd,MATCH(AP94,sheath_mark,0),0)*AK94,0)} -> 0 | AN94: {=IFERROR(INDEX(hd_cap,MATCH(AQ94,hd_mark,0),0),0)} -> 0 | AT94: =$R$37 -> 0 | AU94: =$Q$24 -> L5 | AV94: =$E$24 -> 0 | AW94: {=IFERROR(IF(AV94=0,0,(INDEX($C$33:$C$38,MATCH($AZ$37,$B$33:$B$38,0),0)*(AV95+$BA$37)+$AW$37*COUNTIF(AV94:AV94,">0")*$C$32+$AY$37*$C$31)*$AU$37),0)} -> 0 | AX94: =IF(AV94=0,0,-(COUNTIF(AV94:AV94,">0")*$AW$37*$C$32+$AY$37*$C$31)*$H$27*$AU$37) -> 0 | AY94: =IF(AV94=0,0,$AY$37*$H$26*$AU$37) -> 0 | AZ94: =(0.6*AW94+0.7*AX94)*$AU$37/2 -> 0 | BA94: =AW94*$AU$37/2 -> 0 | BC94: =IF(AV94=0,0,$BG$37*$AP$24) -> 0 | BD94: =IFERROR(BC94/$AU$37,0) -> 0 | BE94: =BC94*($F$24+IF($F$24=0,0,($C$14+$C$15+IF($C$13="single",1.5,3)+3)/12)) -> 0 | BF94: =BE94-AZ94 -> 0 | BG94: {=IFERROR(IF(BF94<0,0,BF94/($AU$37-INDEX(hd_off,MATCH(BT94,hd_mark,0),0)/12)),0)} -> 0 | BH94: =IF(AV94=0,0,$BG$37*$AM$24) -> 0 | BI94: =IFERROR(BH94/$AU$37,0) -> 0 | BJ94: =BH94*($F$24+IF($F$24=0,0,($C$14+$C$15+IF($C$13="single",1.5,3)+3)/12)) -> 0 | BK94: =BJ94-BA94 -> 0 | BL94: {=IFERROR(IF(BK94<0,0,BK94/($AU$37-INDEX(hd_off,MATCH(BT94,hd_mark,0),0)/12)),0)} -> 0 | BM94: =MAX($F$24,$BE$37)/$Q$52 -> 0 | BN94: =IF(BM94=0,0,IF(BM94>2,1.25-0.125*BM94,1)) -> 0 | BO94: {=IFERROR(INDEX(sheath_ecap_asd,MATCH(BS94,sheath_mark,0),0)*BN94,0)} -> 0 | BP94: {=IFERROR(INDEX(sheath_wcap_asd,MATCH(BS94,sheath_mark,0),0)*BN94,0)} -> 0 | BQ94: {=IFERROR(INDEX(hd_cap,MATCH(BT94,hd_mark,0),0),0)} -> 0
R95: =$Q$25 -> Roof | S95: =$E$25 -> 33.171875 | T95: {=IFERROR(IF(S95=0,0,(INDEX($C$33:$C$38,MATCH($W$37,$B$33:$B$38,0),0)*(S95+$X$37)+$V$37*$C$31)*$R$37),0)} -> 0 | U95: =IF(S95=0,0,-$V$37*$C$31*$H$27*$R$37) -> 0 | V95: =IF(S95=0,0,$V$37*$H$26*$R$37) -> 0 | W95: =(0.6*T95+0.7*U95)*$R$37/2 -> 0 | X95: =T95*$R$37/2 -> 0 | Z95: =IF(S95=0,0,$AD$37*$AP$25) -> 0 | AA95: =IFERROR(Z95/$R$37,0) -> 0 | AB95: =Z95*($F$25+($C$16+$C$17+IF($C$13="single",1.5,3)+3)/12) -> 0 | AC95: =AB95-W95 -> 0 | AD95: {=IFERROR(IF(AC95<0,0,AC95/($R$37-INDEX(hd_off,MATCH(AQ95,hd_mark,0),0)/12)),0)} -> 0 | AE95: =IF(S95=0,0,$AD$37*$AM$25) -> 0 | AF95: =IFERROR(AE95/$R$37,0) -> 0 | AG95: =AE95*($F$25+($C$16+$C$17+IF($C$13="single",1.5,3)+3)/12) -> 0 | AH95: =AG95-X95 -> 0 | AI95: {=IFERROR(IF(AH95<0,0,AH95/($R$37-INDEX(hd_off,MATCH(AQ95,hd_mark,0),0)/12)),0)} -> 0 | AJ95: =MAX($F$25,$AC$37)/$Q$52 -> 0.29920977 | AK95: =IF(AJ95=0,0,IF(AJ95>2,1.25-0.125*AJ95,1)) -> 1 | AL95: {=IFERROR(INDEX(sheath_ecap_asd,MATCH(AP95,sheath_mark,0),0)*AK95,0)} -> 0 | AM95: {=IFERROR(INDEX(sheath_wcap_asd,MATCH(AP95,sheath_mark,0),0)*AK95,0)} -> 0 | AN95: {=IFERROR(INDEX(hd_cap,MATCH(AQ95,hd_mark,0),0),0)} -> 0 | AU95: =$Q$25 -> Roof | AV95: =$E$25 -> 33.171875 | AW95: {=IFERROR(IF(AV95=0,0,(INDEX($C$33:$C$38,MATCH($AZ$37,$B$33:$B$38,0),0)*(AV95+$BA$37)+$AY$37*$C$31)*$AU$37),0)} -> 0 | AX95: =IF(AV95=0,0,-$AY$37*$C$31*$H$27*$AU$37) -> 0 | AY95: =IF(AV95=0,0,$AY$37*$H$26*$AU$37) -> 0 | AZ95: =(0.6*AW95+0.7*AX95)*$AU$37/2 -> 0 | BA95: =AW95*$AU$37/2 -> 0 | BC95: =IF(AV95=0,0,$BG$37*$AP$25) -> 0 | BD95: =IFERROR(BC95/$AU$37,0) -> 0 | BE95: =BC95*($F$25+($C$16+$C$17+IF($C$13="single",1.5,3)+3)/12) -> 0 | BF95: =BE95-AZ95 -> 0 | BG95: {=IFERROR(IF(BF95<0,0,BF95/($AU$37-INDEX(hd_off,MATCH(BT95,hd_mark,0),0)/12)),0)} -> 0 | BH95: =IF(AV95=0,0,$BG$37*$AM$25) -> 0 | BI95: =IFERROR(BH95/$AU$37,0) -> 0 | BJ95: =BH95*($F$25+($C$16+$C$17+IF($C$13="single",1.5,3)+3)/12) -> 0 | BK95: =BJ95-BA95 -> 0 | BL95: {=IFERROR(IF(BK95<0,0,BK95/($AU$37-INDEX(hd_off,MATCH(BT95,hd_mark,0),0)/12)),0)} -> 0 | BM95: =MAX($F$25,$BF$37)/$Q$52 -> 0.29920977 | BN95: =IF(BM95=0,0,IF(BM95>2,1.25-0.125*BM95,1)) -> 1 | BO95: {=IFERROR(INDEX(sheath_ecap_asd,MATCH(BS95,sheath_mark,0),0)*BN95,0)} -> 0 | BP95: {=IFERROR(INDEX(sheath_wcap_asd,MATCH(BS95,sheath_mark,0),0)*BN95,0)} -> 0 | BQ95: {=IFERROR(INDEX(hd_cap,MATCH(BT95,hd_mark,0),0),0)} -> 0
Q97: =$Q$38 -> A.09 | R97: =$Q$21 -> L2 | S97: =$E$21 -> 10.6875 | T97: {=IFERROR(IF(S97=0,0,(INDEX($C$33:$C$38,MATCH($W$38,$B$33:$B$38,0),0)*(S101+$X$38)+$T$38*COUNTIF(S97:S100,">0")*$C$32+$V$38*$C$31)*$R$38),0)} -> 0 | U97: =IF(S97=0,0,-(COUNTIF(S97:S100,">0")*$T$38*$C$32+$V$38*$C$31)*$H$27*$R$38) -> 0 | V97: =IF(S97=0,0,$V$38*$H$26*$R$38) -> 0 | W97: =(0.6*T97+0.7*U97)*$R$38/2 -> 0 | X97: =(0.6*T97+0.6*V97)*$R$38/2 -> 0 | Z97: =IF(S97=0,0,$AD$38*$AP$21) -> 0 | AA97: =IFERROR(Z97/$R$38,0) -> 0 | AB97: =Z97*($F$21+IF($F$21=0,0,($C$14+$C$15+IF($C$13="single",1.5,3)+3)/12)) -> 0 | AC97: =AB97-W97 -> 0 | AD97: {=IFERROR(IF(AC97<0,0,AC97/($R$38-INDEX(hd_off,MATCH(AQ97,hd_mark,0),0)/12)),0)} -> 0 | AE97: =IF(S97=0,0,$AD$38*$AM$21) -> 0 | AF97: =IFERROR(AE97/$R$38,0) -> 0 | AG97: =AE97*($F$21+IF($F$21=0,0,($C$14+$C$15+IF($C$13="single",1.5,3)+3)/12)) -> 0 | AH97: =AG97-X97 -> 0 | AI97: {=IFERROR(IF(AH97<0,0,AH97/($R$38-INDEX(hd_off,MATCH(AQ97,hd_mark,0),0)/12)),0)} -> 0 | AJ97: =MAX($F$21,$Y$38)/$Q$52 -> 0.30172414 | AK97: =IF(AJ97=0,0,IF(AJ97>2,1.25-0.125*AJ97,1)) -> 1 | AL97: {=IFERROR(INDEX(sheath_ecap_asd,MATCH(AP97,sheath_mark,0),0)*AK97,0)} -> 0 | AM97: {=IFERROR(INDEX(sheath_wcap_asd,MATCH(AP97,sheath_mark,0),0)*AK97,0)} -> 0 | AN97: {=IFERROR(INDEX(hd_cap,MATCH(AQ97,hd_mark,0),0),0)} -> 0 | AT97: =$AT$38 -> 1.09 | AU97: =$Q$21 -> L2 | AV97: =$E$21 -> 10.6875 | AW97: {=IFERROR(IF(AV97=0,0,(INDEX($C$33:$C$38,MATCH($AZ$38,$B$33:$B$38,0),0)*(AV101+$BA$38)+$AW$38*COUNTIF(AV97:AV100,">0")*$C$32+$AY$38*$C$31)*$AU$38),0)} -> 0 | AX97: =IF(AV97=0,0,-(COUNTIF(AV97:AV100,">0")*$AW$38*$C$32+$AY$38*$C$31)*$H$27*$AU$38) -> 0 | AY97: =IF(AV97=0,0,$AY$38*$H$26*$AU$38) -> 0 | AZ97: =(0.6*AW97+0.7*AX97)*$AU$38/2 -> 0 | BA97: =(0.6*AW97+0.6*AY97)*$AU$38/2 -> 0 | BC97: =IF(AV97=0,0,$BG$38*$AP$21) -> 0 | BD97: =IFERROR(BC97/$AU$38,0) -> 0 | BE97: =BC97*($F$21+IF($F$21=0,0,($C$14+$C$15+IF($C$13="single",1.5,3)+3)/12)) -> 0 | BF97: =BE97-AZ97 -> 0 | BG97: {=IFERROR(IF(BF97<0,0,BF97/($AU$38-INDEX(hd_off,MATCH(BT97,hd_mark,0),0)/12)),0)} -> 0 | BH97: =IF(AV97=0,0,$BG$38*$AM$21) -> 0 | BI97: =IFERROR(BH97/$AU$38,0) -> 0 | BJ97: =BH97*($F$21+IF($F$21=0,0,($C$14+$C$15+IF($C$13="single",1.5,3)+3)/12)) -> 0 | BK97: =BJ97-BA97 -> 0 | BL97: {=IFERROR(IF(BK97<0,0,BK97/($AU$38-INDEX(hd_off,MATCH(BT97,hd_mark,0),0)/12)),0)} -> 0 | BM97: =MAX($F$21,$BB$38)/$Q$52 -> 0.30172414 | BN97: =IF(BM97=0,0,IF(BM97>2,1.25-0.125*BM97,1)) -> 1 | BO97: {=IFERROR(INDEX(sheath_ecap_asd,MATCH(BS97,sheath_mark,0),0)*BN97,0)} -> 0 | BP97: {=IFERROR(INDEX(sheath_wcap_asd,MATCH(BS97,sheath_mark,0),0)*BN97,0)} -> 0 | BQ97: {=IFERROR(INDEX(hd_cap,MATCH(BT97,hd_mark,0),0),0)} -> 0
R98: =$Q$22 -> L3 | S98: =$E$22 -> 21.375 | T98: {=IFERROR(IF(S98=0,0,(INDEX($C$33:$C$38,MATCH($W$38,$B$33:$B$38,0),0)*(S101+$X$38)+$T$38*COUNTIF(S98:S100,">0")*$C$32+$V$38*$C$31)*$R$38),0)} -> 0 | U98: =IF(S98=0,0,-(COUNTIF(S98:S100,">0")*$T$38*$C$32+$V$38*$C$31)*$H$27*$R$38) -> 0 | V98: =IF(S98=0,0,$V$38*$H$26*$R$38) -> 0 | W98: =(0.6*T98+0.7*U98)*$R$38/2 -> 0 | X98: =T98*$R$38/2 -> 0 | Z98: =IF(S98=0,0,$AD$38*$AP$22) -> 0 | AA98: =IFERROR(Z98/$R$38,0) -> 0 | AB98: =Z98*($F$22+IF($F$22=0,0,($C$14+$C$15+IF($C$13="single",1.5,3)+3)/12)) -> 0 | AC98: =AB98-W98 -> 0 | AD98: {=IFERROR(IF(AC98<0,0,AC98/($R$38-INDEX(hd_off,MATCH(AQ98,hd_mark,0),0)/12)),0)} -> 0 | AE98: =IF(S98=0,0,$AD$38*$AM$22) -> 0 | AF98: =IFERROR(AE98/$R$38,0) -> 0 | AG98: =AE98*($F$22+IF($F$22=0,0,($C$14+$C$15+IF($C$13="single",1.5,3)+3)/12)) -> 0 | AH98: =AG98-X98 -> 0 | AI98: {=IFERROR(IF(AH98<0,0,AH98/($R$38-INDEX(hd_off,MATCH(AQ98,hd_mark,0),0)/12)),0)} -> 0 | AJ98: =MAX($F$22,$Z$38)/$Q$52 -> 0.30172414 | AK98: =IF(AJ98=0,0,IF(AJ98>2,1.25-0.125*AJ98,1)) -> 1 | AL98: {=IFERROR(INDEX(sheath_ecap_asd,MATCH(AP98,sheath_mark,0),0)*AK98,0)} -> 0 | AM98: {=IFERROR(INDEX(sheath_wcap_asd,MATCH(AP98,sheath_mark,0),0)*AK98,0)} -> 0 | AN98: {=IFERROR(INDEX(hd_cap,MATCH(AQ98,hd_mark,0),0),0)} -> 0 | AU98: =$Q$22 -> L3 | AV98: =$E$22 -> 21.375 | AW98: {=IFERROR(IF(AV98=0,0,(INDEX($C$33:$C$38,MATCH($AZ$38,$B$33:$B$38,0),0)*(AV101+$BA$38)+$AW$38*COUNTIF(AV98:AV100,">0")*$C$32+$AY$38*$C$31)*$AU$38),0)} -> 0 | AX98: =IF(AV98=0,0,-(COUNTIF(AV98:AV100,">0")*$AW$38*$C$32+$AY$38*$C$31)*$H$27*$AU$38) -> 0 | AY98: =IF(AV98=0,0,$AY$38*$H$26*$AU$38) -> 0 | AZ98: =(0.6*AW98+0.7*AX98)*$AU$38/2 -> 0 | BA98: =AW98*$AU$38/2 -> 0 | BC98: =IF(AV98=0,0,$BG$38*$AP$22) -> 0 | BD98: =IFERROR(BC98/$AU$38,0) -> 0 | BE98: =BC98*($F$22+IF($F$22=0,0,($C$14+$C$15+IF($C$13="single",1.5,3)+3)/12)) -> 0 | BF98: =BE98-AZ98 -> 0 | BG98: {=IFERROR(IF(BF98<0,0,BF98/($AU$38-INDEX(hd_off,MATCH(BT98,hd_mark,0),0)/12)),0)} -> 0 | BH98: =IF(AV98=0,0,$BG$38*$AM$22) -> 0 | BI98: =IFERROR(BH98/$AU$38,0) -> 0 | BJ98: =BH98*($F$22+IF($F$22=0,0,($C$14+$C$15+IF($C$13="single",1.5,3)+3)/12)) -> 0 | BK98: =BJ98-BA98 -> 0 | BL98: {=IFERROR(IF(BK98<0,0,BK98/($AU$38-INDEX(hd_off,MATCH(BT98,hd_mark,0),0)/12)),0)} -> 0 | BM98: =MAX($F$22,$BC$38)/$Q$52 -> 0.30172414 | BN98: =IF(BM98=0,0,IF(BM98>2,1.25-0.125*BM98,1)) -> 1 | BO98: {=IFERROR(INDEX(sheath_ecap_asd,MATCH(BS98,sheath_mark,0),0)*BN98,0)} -> 0 | BP98: {=IFERROR(INDEX(sheath_wcap_asd,MATCH(BS98,sheath_mark,0),0)*BN98,0)} -> 0 | BQ98: {=IFERROR(INDEX(hd_cap,MATCH(BT98,hd_mark,0),0),0)} -> 0
Q99: Length | R99: =$Q$23 -> L4 | S99: =$E$23 -> 0 | T99: {=IFERROR(IF(S99=0,0,(INDEX($C$33:$C$38,MATCH($W$38,$B$33:$B$38,0),0)*(S101+$X$38)+$T$38*COUNTIF(S99:S100,">0")*$C$32+$V$38*$C$31)*$R$38),0)} -> 0 | U99: =IF(S99=0,0,-(COUNTIF(S99:S100,">0")*$T$38*$C$32+$V$38*$C$31)*$H$27*$R$38) -> 0 | V99: =IF(S99=0,0,$V$38*$H$26*$R$38) -> 0 | W99: =(0.6*T99+0.7*U99)*$R$38/2 -> 0 | X99: =T99*$R$38/2 -> 0 | Z99: =IF(S99=0,0,$AD$38*$AP$23) -> 0 | AA99: =IFERROR(Z99/$R$38,0) -> 0 | AB99: =Z99*($F$23+IF($F$23=0,0,($C$14+$C$15+IF($C$13="single",1.5,3)+3)/12)) -> 0 | AC99: =AB99-W99 -> 0 | AD99: {=IFERROR(IF(AC99<0,0,AC99/($R$38-INDEX(hd_off,MATCH(AQ99,hd_mark,0),0)/12)),0)} -> 0 | AE99: =IF(S99=0,0,$AD$38*$AM$23) -> 0 | AF99: =IFERROR(AE99/$R$38,0) -> 0 | AG99: =AE99*($F$23+IF($F$23=0,0,($C$14+$C$15+IF($C$13="single",1.5,3)+3)/12)) -> 0 | AH99: =AG99-X99 -> 0 | AI99: {=IFERROR(IF(AH99<0,0,AH99/($R$38-INDEX(hd_off,MATCH(AQ99,hd_mark,0),0)/12)),0)} -> 0 | AJ99: =MAX($F$23,$AA$38)/$Q$52 -> 0 | AK99: =IF(AJ99=0,0,IF(AJ99>2,1.25-0.125*AJ99,1)) -> 0 | AL99: {=IFERROR(INDEX(sheath_ecap_asd,MATCH(AP99,sheath_mark,0),0)*AK99,0)} -> 0 | AM99: {=IFERROR(INDEX(sheath_wcap_asd,MATCH(AP99,sheath_mark,0),0)*AK99,0)} -> 0 | AN99: {=IFERROR(INDEX(hd_cap,MATCH(AQ99,hd_mark,0),0),0)} -> 0 | AT99: Length | AU99: =$Q$23 -> L4 | AV99: =$E$23 -> 0 | AW99: {=IFERROR(IF(AV99=0,0,(INDEX($C$33:$C$38,MATCH($AZ$38,$B$33:$B$38,0),0)*(AV101+$BA$38)+$AW$38*COUNTIF(AV99:AV100,">0")*$C$32+$AY$38*$C$31)*$AU$38),0)} -> 0 | AX99: =IF(AV99=0,0,-(COUNTIF(AV99:AV100,">0")*$AW$38*$C$32+$AY$38*$C$31)*$H$27*$AU$38) -> 0 | AY99: =IF(AV99=0,0,$AY$38*$H$26*$AU$38) -> 0 | AZ99: =(0.6*AW99+0.7*AX99)*$AU$38/2 -> 0 | BA99: =AW99*$AU$38/2 -> 0 | BC99: =IF(AV99=0,0,$BG$38*$AP$23) -> 0 | BD99: =IFERROR(BC99/$AU$38,0) -> 0 | BE99: =BC99*($F$23+IF($F$23=0,0,($C$14+$C$15+IF($C$13="single",1.5,3)+3)/12)) -> 0 | BF99: =BE99-AZ99 -> 0 | BG99: {=IFERROR(IF(BF99<0,0,BF99/($AU$38-INDEX(hd_off,MATCH(BT99,hd_mark,0),0)/12)),0)} -> 0 | BH99: =IF(AV99=0,0,$BG$38*$AM$23) -> 0 | BI99: =IFERROR(BH99/$AU$38,0) -> 0 | BJ99: =BH99*($F$23+IF($F$23=0,0,($C$14+$C$15+IF($C$13="single",1.5,3)+3)/12)) -> 0 | BK99: =BJ99-BA99 -> 0 | BL99: {=IFERROR(IF(BK99<0,0,BK99/($AU$38-INDEX(hd_off,MATCH(BT99,hd_mark,0),0)/12)),0)} -> 0 | BM99: =MAX($F$23,$BD$38)/$Q$52 -> 0 | BN99: =IF(BM99=0,0,IF(BM99>2,1.25-0.125*BM99,1)) -> 0 | BO99: {=IFERROR(INDEX(sheath_ecap_asd,MATCH(BS99,sheath_mark,0),0)*BN99,0)} -> 0 | BP99: {=IFERROR(INDEX(sheath_wcap_asd,MATCH(BS99,sheath_mark,0),0)*BN99,0)} -> 0 | BQ99: {=IFERROR(INDEX(hd_cap,MATCH(BT99,hd_mark,0),0),0)} -> 0
Q100: =$R$38 -> 0 | R100: =$Q$24 -> L5 | S100: =$E$24 -> 0 | T100: {=IFERROR(IF(S100=0,0,(INDEX($C$33:$C$38,MATCH($W$38,$B$33:$B$38,0),0)*(S101+$X$38)+$T$38*COUNTIF(S100:S100,">0")*$C$32+$V$38*$C$31)*$R$38),0)} -> 0 | U100: =IF(S100=0,0,-(COUNTIF(S100:S100,">0")*$T$38*$C$32+$V$38*$C$31)*$H$27*$R$38) -> 0 | V100: =IF(S100=0,0,$V$38*$H$26*$R$38) -> 0 | W100: =(0.6*T100+0.7*U100)*$R$38/2 -> 0 | X100: =T100*$R$38/2 -> 0 | Z100: =IF(S100=0,0,$AD$38*$AP$24) -> 0 | AA100: =IFERROR(Z100/$R$38,0) -> 0 | AB100: =Z100*($F$24+IF($F$24=0,0,($C$14+$C$15+IF($C$13="single",1.5,3)+3)/12)) -> 0 | AC100: =AB100-W100 -> 0 | AD100: {=IFERROR(IF(AC100<0,0,AC100/($R$38-INDEX(hd_off,MATCH(AQ100,hd_mark,0),0)/12)),0)} -> 0 | AE100: =IF(S100=0,0,$AD$38*$AM$24) -> 0 | AF100: =IFERROR(AE100/$R$38,0) -> 0 | AG100: =AE100*($F$24+IF($F$24=0,0,($C$14+$C$15+IF($C$13="single",1.5,3)+3)/12)) -> 0 | AH100: =AG100-X100 -> 0 | AI100: {=IFERROR(IF(AH100<0,0,AH100/($R$38-INDEX(hd_off,MATCH(AQ100,hd_mark,0),0)/12)),0)} -> 0 | AJ100: =MAX($F$24,$AB$38)/$Q$52 -> 0 | AK100: =IF(AJ100=0,0,IF(AJ100>2,1.25-0.125*AJ100,1)) -> 0 | AL100: {=IFERROR(INDEX(sheath_ecap_asd,MATCH(AP100,sheath_mark,0),0)*AK100,0)} -> 0 | AM100: {=IFERROR(INDEX(sheath_wcap_asd,MATCH(AP100,sheath_mark,0),0)*AK100,0)} -> 0 | AN100: {=IFERROR(INDEX(hd_cap,MATCH(AQ100,hd_mark,0),0),0)} -> 0 | AT100: =$R$38 -> 0 | AU100: =$Q$24 -> L5 | AV100: =$E$24 -> 0 | AW100: {=IFERROR(IF(AV100=0,0,(INDEX($C$33:$C$38,MATCH($AZ$38,$B$33:$B$38,0),0)*(AV101+$BA$38)+$AW$38*COUNTIF(AV100:AV100,">0")*$C$32+$AY$38*$C$31)*$AU$38),0)} -> 0 | AX100: =IF(AV100=0,0,-(COUNTIF(AV100:AV100,">0")*$AW$38*$C$32+$AY$38*$C$31)*$H$27*$AU$38) -> 0 | AY100: =IF(AV100=0,0,$AY$38*$H$26*$AU$38) -> 0 | AZ100: =(0.6*AW100+0.7*AX100)*$AU$38/2 -> 0 | BA100: =AW100*$AU$38/2 -> 0 | BC100: =IF(AV100=0,0,$BG$38*$AP$24) -> 0 | BD100: =IFERROR(BC100/$AU$38,0) -> 0 | BE100: =BC100*($F$24+IF($F$24=0,0,($C$14+$C$15+IF($C$13="single",1.5,3)+3)/12)) -> 0 | BF100: =BE100-AZ100 -> 0 | BG100: {=IFERROR(IF(BF100<0,0,BF100/($AU$38-INDEX(hd_off,MATCH(BT100,hd_mark,0),0)/12)),0)} -> 0 | BH100: =IF(AV100=0,0,$BG$38*$AM$24) -> 0 | BI100: =IFERROR(BH100/$AU$38,0) -> 0 | BJ100: =BH100*($F$24+IF($F$24=0,0,($C$14+$C$15+IF($C$13="single",1.5,3)+3)/12)) -> 0 | BK100: =BJ100-BA100 -> 0 | BL100: {=IFERROR(IF(BK100<0,0,BK100/($AU$38-INDEX(hd_off,MATCH(BT100,hd_mark,0),0)/12)),0)} -> 0 | BM100: =MAX($F$24,$BE$38)/$Q$52 -> 0 | BN100: =IF(BM100=0,0,IF(BM100>2,1.25-0.125*BM100,1)) -> 0 | BO100: {=IFERROR(INDEX(sheath_ecap_asd,MATCH(BS100,sheath_mark,0),0)*BN100,0)} -> 0 | BP100: {=IFERROR(INDEX(sheath_wcap_asd,MATCH(BS100,sheath_mark,0),0)*BN100,0)} -> 0 | BQ100: {=IFERROR(INDEX(hd_cap,MATCH(BT100,hd_mark,0),0),0)} -> 0
R101: =$Q$25 -> Roof | S101: =$E$25 -> 33.171875 | T101: {=IFERROR(IF(S101=0,0,(INDEX($C$33:$C$38,MATCH($W$38,$B$33:$B$38,0),0)*(S101+$X$38)+$V$38*$C$31)*$R$38),0)} -> 0 | U101: =IF(S101=0,0,-$V$38*$C$31*$H$27*$R$38) -> 0 | V101: =IF(S101=0,0,$V$38*$H$26*$R$38) -> 0 | W101: =(0.6*T101+0.7*U101)*$R$38/2 -> 0 | X101: =T101*$R$38/2 -> 0 | Z101: =IF(S101=0,0,$AD$38*$AP$25) -> 0 | AA101: =IFERROR(Z101/$R$38,0) -> 0 | AB101: =Z101*($F$25+($C$16+$C$17+IF($C$13="single",1.5,3)+3)/12) -> 0 | AC101: =AB101-W101 -> 0 | AD101: {=IFERROR(IF(AC101<0,0,AC101/($R$38-INDEX(hd_off,MATCH(AQ101,hd_mark,0),0)/12)),0)} -> 0 | AE101: =IF(S101=0,0,$AD$38*$AM$25) -> 0 | AF101: =IFERROR(AE101/$R$38,0) -> 0 | AG101: =AE101*($F$25+($C$16+$C$17+IF($C$13="single",1.5,3)+3)/12) -> 0 | AH101: =AG101-X101 -> 0 | AI101: {=IFERROR(IF(AH101<0,0,AH101/($R$38-INDEX(hd_off,MATCH(AQ101,hd_mark,0),0)/12)),0)} -> 0 | AJ101: =MAX($F$25,$AC$38)/$Q$52 -> 0.29920977 | AK101: =IF(AJ101=0,0,IF(AJ101>2,1.25-0.125*AJ101,1)) -> 1 | AL101: {=IFERROR(INDEX(sheath_ecap_asd,MATCH(AP101,sheath_mark,0),0)*AK101,0)} -> 0 | AM101: {=IFERROR(INDEX(sheath_wcap_asd,MATCH(AP101,sheath_mark,0),0)*AK101,0)} -> 0 | AN101: {=IFERROR(INDEX(hd_cap,MATCH(AQ101,hd_mark,0),0),0)} -> 0 | AU101: =$Q$25 -> Roof | AV101: =$E$25 -> 33.171875 | AW101: {=IFERROR(IF(AV101=0,0,(INDEX($C$33:$C$38,MATCH($AZ$38,$B$33:$B$38,0),0)*(AV101+$BA$38)+$AY$38*$C$31)*$AU$38),0)} -> 0 | AX101: =IF(AV101=0,0,-$AY$38*$C$31*$H$27*$AU$38) -> 0 | AY101: =IF(AV101=0,0,$AY$38*$H$26*$AU$38) -> 0 | AZ101: =(0.6*AW101+0.7*AX101)*$AU$38/2 -> 0 | BA101: =AW101*$AU$38/2 -> 0 | BC101: =IF(AV101=0,0,$BG$38*$AP$25) -> 0 | BD101: =IFERROR(BC101/$AU$38,0) -> 0 | BE101: =BC101*($F$25+($C$16+$C$17+IF($C$13="single",1.5,3)+3)/12) -> 0 | BF101: =BE101-AZ101 -> 0 | BG101: {=IFERROR(IF(BF101<0,0,BF101/($AU$38-INDEX(hd_off,MATCH(BT101,hd_mark,0),0)/12)),0)} -> 0 | BH101: =IF(AV101=0,0,$BG$38*$AM$25) -> 0 | BI101: =IFERROR(BH101/$AU$38,0) -> 0 | BJ101: =BH101*($F$25+($C$16+$C$17+IF($C$13="single",1.5,3)+3)/12) -> 0 | BK101: =BJ101-BA101 -> 0 | BL101: {=IFERROR(IF(BK101<0,0,BK101/($AU$38-INDEX(hd_off,MATCH(BT101,hd_mark,0),0)/12)),0)} -> 0 | BM101: =MAX($F$25,$BF$38)/$Q$52 -> 0.29920977 | BN101: =IF(BM101=0,0,IF(BM101>2,1.25-0.125*BM101,1)) -> 1 | BO101: {=IFERROR(INDEX(sheath_ecap_asd,MATCH(BS101,sheath_mark,0),0)*BN101,0)} -> 0 | BP101: {=IFERROR(INDEX(sheath_wcap_asd,MATCH(BS101,sheath_mark,0),0)*BN101,0)} -> 0 | BQ101: {=IFERROR(INDEX(hd_cap,MATCH(BT101,hd_mark,0),0),0)} -> 0
Q103: =$Q$39 -> A.10 | R103: =$Q$21 -> L2 | S103: =$E$21 -> 10.6875 | T103: {=IFERROR(IF(S103=0,0,(INDEX($C$33:$C$38,MATCH($W$39,$B$33:$B$38,0),0)*(S107+$X$39)+$T$39*COUNTIF(S103:S106,">0")*$C$32+$V$39*$C$31)*$R$39),0)} -> 0 | U103: =IF(S103=0,0,-(COUNTIF(S103:S106,">0")*$T$39*$C$32+$V$39*$C$31)*$H$27*$R$39) -> 0 | V103: =IF(S103=0,0,$V$39*$H$26*$R$39) -> 0 | W103: =(0.6*T103+0.7*U103)*$R$39/2 -> 0 | X103: =(0.6*T103+0.6*V103)*$R$39/2 -> 0 | Z103: =IF(S103=0,0,$AD$39*$AP$21) -> 0 | AA103: =IFERROR(Z103/$R$39,0) -> 0 | AB103: =Z103*($F$21+IF($F$21=0,0,($C$14+$C$15+IF($C$13="single",1.5,3)+3)/12)) -> 0 | AC103: =AB103-W103 -> 0 | AD103: {=IFERROR(IF(AC103<0,0,AC103/($R$39-INDEX(hd_off,MATCH(AQ103,hd_mark,0),0)/12)),0)} -> 0 | AE103: =IF(S103=0,0,$AD$39*$AM$21) -> 0 | AF103: =IFERROR(AE103/$R$39,0) -> 0 | AG103: =AE103*($F$21+IF($F$21=0,0,($C$14+$C$15+IF($C$13="single",1.5,3)+3)/12)) -> 0 | AH103: =AG103-X103 -> 0 | AI103: {=IFERROR(IF(AH103<0,0,AH103/($R$39-INDEX(hd_off,MATCH(AQ103,hd_mark,0),0)/12)),0)} -> 0 | AJ103: =MAX($F$21,$Y$39)/$Q$52 -> 0.30172414 | AK103: =IF(AJ103=0,0,IF(AJ103>2,1.25-0.125*AJ103,1)) -> 1 | AL103: {=IFERROR(INDEX(sheath_ecap_asd,MATCH(AP103,sheath_mark,0),0)*AK103,0)} -> 0 | AM103: {=IFERROR(INDEX(sheath_wcap_asd,MATCH(AP103,sheath_mark,0),0)*AK103,0)} -> 0 | AN103: {=IFERROR(INDEX(hd_cap,MATCH(AQ103,hd_mark,0),0),0)} -> 0 | AT103: =$AT$39 -> 1.10 | AU103: =$Q$21 -> L2 | AV103: =$E$21 -> 10.6875 | AW103: {=IFERROR(IF(AV103=0,0,(INDEX($C$33:$C$38,MATCH($AZ$39,$B$33:$B$38,0),0)*(AV107+$BA$39)+$AW$39*COUNTIF(AV103:AV106,">0")*$C$32+$AY$39*$C$31)*$AU$39),0)} -> 0 | AX103: =IF(AV103=0,0,-(COUNTIF(AV103:AV106,">0")*$AW$39*$C$32+$AY$39*$C$31)*$H$27*$AU$39) -> 0 | AY103: =IF(AV103=0,0,$AY$39*$H$26*$AU$39) -> 0 | AZ103: =(0.6*AW103+0.7*AX103)*$AU$39/2 -> 0 | BA103: =(0.6*AW103+0.6*AY103)*$AU$39/2 -> 0 | BC103: =IF(AV103=0,0,$BG$39*$AP$21) -> 0 | BD103: =IFERROR(BC103/$AU$39,0) -> 0 | BE103: =BC103*($F$21+IF($F$21=0,0,($C$14+$C$15+IF($C$13="single",1.5,3)+3)/12)) -> 0 | BF103: =BE103-AZ103 -> 0 | BG103: {=IFERROR(IF(BF103<0,0,BF103/($AU$39-INDEX(hd_off,MATCH(BT103,hd_mark,0),0)/12)),0)} -> 0 | BH103: =IF(AV103=0,0,$BG$39*$AM$21) -> 0 | BI103: =IFERROR(BH103/$AU$39,0) -> 0 | BJ103: =BH103*($F$21+IF($F$21=0,0,($C$14+$C$15+IF($C$13="single",1.5,3)+3)/12)) -> 0 | BK103: =BJ103-BA103 -> 0 | BL103: {=IFERROR(IF(BK103<0,0,BK103/($AU$39-INDEX(hd_off,MATCH(BT103,hd_mark,0),0)/12)),0)} -> 0 | BM103: =MAX($F$21,$BB$39)/$Q$52 -> 0.30172414 | BN103: =IF(BM103=0,0,IF(BM103>2,1.25-0.125*BM103,1)) -> 1 | BO103: {=IFERROR(INDEX(sheath_ecap_asd,MATCH(BS103,sheath_mark,0),0)*BN103,0)} -> 0 | BP103: {=IFERROR(INDEX(sheath_wcap_asd,MATCH(BS103,sheath_mark,0),0)*BN103,0)} -> 0 | BQ103: {=IFERROR(INDEX(hd_cap,MATCH(BT103,hd_mark,0),0),0)} -> 0
R104: =$Q$22 -> L3 | S104: =$E$22 -> 21.375 | T104: {=IFERROR(IF(S104=0,0,(INDEX($C$33:$C$38,MATCH($W$39,$B$33:$B$38,0),0)*(S107+$X$39)+$T$39*COUNTIF(S104:S106,">0")*$C$32+$V$39*$C$31)*$R$39),0)} -> 0 | U104: =IF(S104=0,0,-(COUNTIF(S104:S106,">0")*$T$39*$C$32+$V$39*$C$31)*$H$27*$R$39) -> 0 | V104: =IF(S104=0,0,$V$39*$H$26*$R$39) -> 0 | W104: =(0.6*T104+0.7*U104)*$R$39/2 -> 0 | X104: =T104*$R$39/2 -> 0 | Z104: =IF(S104=0,0,$AD$39*$AP$22) -> 0 | AA104: =IFERROR(Z104/$R$39,0) -> 0 | AB104: =Z104*($F$22+IF($F$22=0,0,($C$14+$C$15+IF($C$13="single",1.5,3)+3)/12)) -> 0 | AC104: =AB104-W104 -> 0 | AD104: {=IFERROR(IF(AC104<0,0,AC104/($R$39-INDEX(hd_off,MATCH(AQ104,hd_mark,0),0)/12)),0)} -> 0 | AE104: =IF(S104=0,0,$AD$39*$AM$22) -> 0 | AF104: =IFERROR(AE104/$R$39,0) -> 0 | AG104: =AE104*($F$22+IF($F$22=0,0,($C$14+$C$15+IF($C$13="single",1.5,3)+3)/12)) -> 0 | AH104: =AG104-X104 -> 0 | AI104: {=IFERROR(IF(AH104<0,0,AH104/($R$39-INDEX(hd_off,MATCH(AQ104,hd_mark,0),0)/12)),0)} -> 0 | AJ104: =MAX($F$22,$Z$39)/$Q$52 -> 0.30172414 | AK104: =IF(AJ104=0,0,IF(AJ104>2,1.25-0.125*AJ104,1)) -> 1 | AL104: {=IFERROR(INDEX(sheath_ecap_asd,MATCH(AP104,sheath_mark,0),0)*AK104,0)} -> 0 | AM104: {=IFERROR(INDEX(sheath_wcap_asd,MATCH(AP104,sheath_mark,0),0)*AK104,0)} -> 0 | AN104: {=IFERROR(INDEX(hd_cap,MATCH(AQ104,hd_mark,0),0),0)} -> 0 | AU104: =$Q$22 -> L3 | AV104: =$E$22 -> 21.375 | AW104: {=IFERROR(IF(AV104=0,0,(INDEX($C$33:$C$38,MATCH($AZ$39,$B$33:$B$38,0),0)*(AV107+$BA$39)+$AW$39*COUNTIF(AV104:AV106,">0")*$C$32+$AY$39*$C$31)*$AU$39),0)} -> 0 | AX104: =IF(AV104=0,0,-(COUNTIF(AV104:AV106,">0")*$AW$39*$C$32+$AY$39*$C$31)*$H$27*$AU$39) -> 0 | AY104: =IF(AV104=0,0,$AY$39*$H$26*$AU$39) -> 0 | AZ104: =(0.6*AW104+0.7*AX104)*$AU$39/2 -> 0 | BA104: =AW104*$AU$39/2 -> 0 | BC104: =IF(AV104=0,0,$BG$39*$AP$22) -> 0 | BD104: =IFERROR(BC104/$AU$39,0) -> 0 | BE104: =BC104*($F$22+IF($F$22=0,0,($C$14+$C$15+IF($C$13="single",1.5,3)+3)/12)) -> 0 | BF104: =BE104-AZ104 -> 0 | BG104: {=IFERROR(IF(BF104<0,0,BF104/($AU$39-INDEX(hd_off,MATCH(BT104,hd_mark,0),0)/12)),0)} -> 0 | BH104: =IF(AV104=0,0,$BG$39*$AM$22) -> 0 | BI104: =IFERROR(BH104/$AU$39,0) -> 0 | BJ104: =BH104*($F$22+IF($F$22=0,0,($C$14+$C$15+IF($C$13="single",1.5,3)+3)/12)) -> 0 | BK104: =BJ104-BA104 -> 0 | BL104: {=IFERROR(IF(BK104<0,0,BK104/($AU$39-INDEX(hd_off,MATCH(BT104,hd_mark,0),0)/12)),0)} -> 0 | BM104: =MAX($F$22,$BC$39)/$Q$52 -> 0.30172414 | BN104: =IF(BM104=0,0,IF(BM104>2,1.25-0.125*BM104,1)) -> 1 | BO104: {=IFERROR(INDEX(sheath_ecap_asd,MATCH(BS104,sheath_mark,0),0)*BN104,0)} -> 0 | BP104: {=IFERROR(INDEX(sheath_wcap_asd,MATCH(BS104,sheath_mark,0),0)*BN104,0)} -> 0 | BQ104: {=IFERROR(INDEX(hd_cap,MATCH(BT104,hd_mark,0),0),0)} -> 0
Q105: Length | R105: =$Q$23 -> L4 | S105: =$E$23 -> 0 | T105: {=IFERROR(IF(S105=0,0,(INDEX($C$33:$C$38,MATCH($W$39,$B$33:$B$38,0),0)*(S107+$X$39)+$T$39*COUNTIF(S105:S106,">0")*$C$32+$V$39*$C$31)*$R$39),0)} -> 0 | U105: =IF(S105=0,0,-(COUNTIF(S105:S106,">0")*$T$39*$C$32+$V$39*$C$31)*$H$27*$R$39) -> 0 | V105: =IF(S105=0,0,$V$39*$H$26*$R$39) -> 0 | W105: =(0.6*T105+0.7*U105)*$R$39/2 -> 0 | X105: =T105*$R$39/2 -> 0 | Z105: =IF(S105=0,0,$AD$39*$AP$23) -> 0 | AA105: =IFERROR(Z105/$R$39,0) -> 0 | AB105: =Z105*($F$23+IF($F$23=0,0,($C$14+$C$15+IF($C$13="single",1.5,3)+3)/12)) -> 0 | AC105: =AB105-W105 -> 0 | AD105: {=IFERROR(IF(AC105<0,0,AC105/($R$39-INDEX(hd_off,MATCH(AQ105,hd_mark,0),0)/12)),0)} -> 0 | AE105: =IF(S105=0,0,$AD$39*$AM$23) -> 0 | AF105: =IFERROR(AE105/$R$39,0) -> 0 | AG105: =AE105*($F$23+IF($F$23=0,0,($C$14+$C$15+IF($C$13="single",1.5,3)+3)/12)) -> 0 | AH105: =AG105-X105 -> 0 | AI105: {=IFERROR(IF(AH105<0,0,AH105/($R$39-INDEX(hd_off,MATCH(AQ105,hd_mark,0),0)/12)),0)} -> 0 | AJ105: =MAX($F$23,$AA$39)/$Q$52 -> 0 | AK105: =IF(AJ105=0,0,IF(AJ105>2,1.25-0.125*AJ105,1)) -> 0 | AL105: {=IFERROR(INDEX(sheath_ecap_asd,MATCH(AP105,sheath_mark,0),0)*AK105,0)} -> 0 | AM105: {=IFERROR(INDEX(sheath_wcap_asd,MATCH(AP105,sheath_mark,0),0)*AK105,0)} -> 0 | AN105: {=IFERROR(INDEX(hd_cap,MATCH(AQ105,hd_mark,0),0),0)} -> 0 | AT105: Length | AU105: =$Q$23 -> L4 | AV105: =$E$23 -> 0 | AW105: {=IFERROR(IF(AV105=0,0,(INDEX($C$33:$C$38,MATCH($AZ$39,$B$33:$B$38,0),0)*(AV107+$BA$39)+$AW$39*COUNTIF(AV105:AV106,">0")*$C$32+$AY$39*$C$31)*$AU$39),0)} -> 0 | AX105: =IF(AV105=0,0,-(COUNTIF(AV105:AV106,">0")*$AW$39*$C$32+$AY$39*$C$31)*$H$27*$AU$39) -> 0 | AY105: =IF(AV105=0,0,$AY$39*$H$26*$AU$39) -> 0 | AZ105: =(0.6*AW105+0.7*AX105)*$AU$39/2 -> 0 | BA105: =AW105*$AU$39/2 -> 0 | BC105: =IF(AV105=0,0,$BG$39*$AP$23) -> 0 | BD105: =IFERROR(BC105/$AU$39,0) -> 0 | BE105: =BC105*($F$23+IF($F$23=0,0,($C$14+$C$15+IF($C$13="single",1.5,3)+3)/12)) -> 0 | BF105: =BE105-AZ105 -> 0 | BG105: {=IFERROR(IF(BF105<0,0,BF105/($AU$39-INDEX(hd_off,MATCH(BT105,hd_mark,0),0)/12)),0)} -> 0 | BH105: =IF(AV105=0,0,$BG$39*$AM$23) -> 0 | BI105: =IFERROR(BH105/$AU$39,0) -> 0 | BJ105: =BH105*($F$23+IF($F$23=0,0,($C$14+$C$15+IF($C$13="single",1.5,3)+3)/12)) -> 0 | BK105: =BJ105-BA105 -> 0 | BL105: {=IFERROR(IF(BK105<0,0,BK105/($AU$39-INDEX(hd_off,MATCH(BT105,hd_mark,0),0)/12)),0)} -> 0 | BM105: =MAX($F$23,$BD$39)/$Q$52 -> 0 | BN105: =IF(BM105=0,0,IF(BM105>2,1.25-0.125*BM105,1)) -> 0 | BO105: {=IFERROR(INDEX(sheath_ecap_asd,MATCH(BS105,sheath_mark,0),0)*BN105,0)} -> 0 | BP105: {=IFERROR(INDEX(sheath_wcap_asd,MATCH(BS105,sheath_mark,0),0)*BN105,0)} -> 0 | BQ105: {=IFERROR(INDEX(hd_cap,MATCH(BT105,hd_mark,0),0),0)} -> 0
Q106: =$R$39 -> 0 | R106: =$Q$24 -> L5 | S106: =$E$24 -> 0 | T106: {=IFERROR(IF(S106=0,0,(INDEX($C$33:$C$38,MATCH($W$39,$B$33:$B$38,0),0)*(S107+$X$39)+$T$39*COUNTIF(S106:S106,">0")*$C$32+$V$39*$C$31)*$R$39),0)} -> 0 | U106: =IF(S106=0,0,-(COUNTIF(S106:S106,">0")*$T$39*$C$32+$V$39*$C$31)*$H$27*$R$39) -> 0 | V106: =IF(S106=0,0,$V$39*$H$26*$R$39) -> 0 | W106: =(0.6*T106+0.7*U106)*$R$39/2 -> 0 | X106: =T106*$R$39/2 -> 0 | Z106: =IF(S106=0,0,$AD$39*$AP$24) -> 0 | AA106: =IFERROR(Z106/$R$39,0) -> 0 | AB106: =Z106*($F$24+IF($F$24=0,0,($C$14+$C$15+IF($C$13="single",1.5,3)+3)/12)) -> 0 | AC106: =AB106-W106 -> 0 | AD106: {=IFERROR(IF(AC106<0,0,AC106/($R$39-INDEX(hd_off,MATCH(AQ106,hd_mark,0),0)/12)),0)} -> 0 | AE106: =IF(S106=0,0,$AD$39*$AM$24) -> 0 | AF106: =IFERROR(AE106/$R$39,0) -> 0 | AG106: =AE106*($F$24+IF($F$24=0,0,($C$14+$C$15+IF($C$13="single",1.5,3)+3)/12)) -> 0 | AH106: =AG106-X106 -> 0 | AI106: {=IFERROR(IF(AH106<0,0,AH106/($R$39-INDEX(hd_off,MATCH(AQ106,hd_mark,0),0)/12)),0)} -> 0 | AJ106: =MAX($F$24,$AB$39)/$Q$52 -> 0 | AK106: =IF(AJ106=0,0,IF(AJ106>2,1.25-0.125*AJ106,1)) -> 0 | AL106: {=IFERROR(INDEX(sheath_ecap_asd,MATCH(AP106,sheath_mark,0),0)*AK106,0)} -> 0 | AM106: {=IFERROR(INDEX(sheath_wcap_asd,MATCH(AP106,sheath_mark,0),0)*AK106,0)} -> 0 | AN106: {=IFERROR(INDEX(hd_cap,MATCH(AQ106,hd_mark,0),0),0)} -> 0 | AT106: =$R$39 -> 0 | AU106: =$Q$24 -> L5 | AV106: =$E$24 -> 0 | AW106: {=IFERROR(IF(AV106=0,0,(INDEX($C$33:$C$38,MATCH($AZ$39,$B$33:$B$38,0),0)*(AV107+$BA$39)+$AW$39*COUNTIF(AV106:AV106,">0")*$C$32+$AY$39*$C$31)*$AU$39),0)} -> 0 | AX106: =IF(AV106=0,0,-(COUNTIF(AV106:AV106,">0")*$AW$39*$C$32+$AY$39*$C$31)*$H$27*$AU$39) -> 0 | AY106: =IF(AV106=0,0,$AY$39*$H$26*$AU$39) -> 0 | AZ106: =(0.6*AW106+0.7*AX106)*$AU$39/2 -> 0 | BA106: =AW106*$AU$39/2 -> 0 | BC106: =IF(AV106=0,0,$BG$39*$AP$24) -> 0 | BD106: =IFERROR(BC106/$AU$39,0) -> 0 | BE106: =BC106*($F$24+IF($F$24=0,0,($C$14+$C$15+IF($C$13="single",1.5,3)+3)/12)) -> 0 | BF106: =BE106-AZ106 -> 0 | BG106: {=IFERROR(IF(BF106<0,0,BF106/($AU$39-INDEX(hd_off,MATCH(BT106,hd_mark,0),0)/12)),0)} -> 0 | BH106: =IF(AV106=0,0,$BG$39*$AM$24) -> 0 | BI106: =IFERROR(BH106/$AU$39,0) -> 0 | BJ106: =BH106*($F$24+IF($F$24=0,0,($C$14+$C$15+IF($C$13="single",1.5,3)+3)/12)) -> 0 | BK106: =BJ106-BA106 -> 0 | BL106: {=IFERROR(IF(BK106<0,0,BK106/($AU$39-INDEX(hd_off,MATCH(BT106,hd_mark,0),0)/12)),0)} -> 0 | BM106: =MAX($F$24,$BE$39)/$Q$52 -> 0 | BN106: =IF(BM106=0,0,IF(BM106>2,1.25-0.125*BM106,1)) -> 0 | BO106: {=IFERROR(INDEX(sheath_ecap_asd,MATCH(BS106,sheath_mark,0),0)*BN106,0)} -> 0 | BP106: {=IFERROR(INDEX(sheath_wcap_asd,MATCH(BS106,sheath_mark,0),0)*BN106,0)} -> 0 | BQ106: {=IFERROR(INDEX(hd_cap,MATCH(BT106,hd_mark,0),0),0)} -> 0
R107: =$Q$25 -> Roof | S107: =$E$25 -> 33.171875 | T107: {=IFERROR(IF(S107=0,0,(INDEX($C$33:$C$38,MATCH($W$39,$B$33:$B$38,0),0)*(S107+$X$39)+$V$39*$C$31)*$R$39),0)} -> 0 | U107: =IF(S107=0,0,-$V$39*$C$31*$H$27*$R$39) -> 0 | V107: =IF(S107=0,0,$V$39*$H$26*$R$39) -> 0 | W107: =(0.6*T107+0.7*U107)*$R$39/2 -> 0 | X107: =T107*$R$39/2 -> 0 | Z107: =IF(S107=0,0,$AD$39*$AP$25) -> 0 | AA107: =IFERROR(Z107/$R$39,0) -> 0 | AB107: =Z107*($F$25+($C$16+$C$17+IF($C$13="single",1.5,3)+3)/12) -> 0 | AC107: =AB107-W107 -> 0 | AD107: {=IFERROR(IF(AC107<0,0,AC107/($R$39-INDEX(hd_off,MATCH(AQ107,hd_mark,0),0)/12)),0)} -> 0 | AE107: =IF(S107=0,0,$AD$39*$AM$25) -> 0 | AF107: =IFERROR(AE107/$R$39,0) -> 0 | AG107: =AE107*($F$25+($C$16+$C$17+IF($C$13="single",1.5,3)+3)/12) -> 0 | AH107: =AG107-X107 -> 0 | AI107: {=IFERROR(IF(AH107<0,0,AH107/($R$39-INDEX(hd_off,MATCH(AQ107,hd_mark,0),0)/12)),0)} -> 0 | AJ107: =MAX($F$25,$AC$39)/$Q$52 -> 0.29920977 | AK107: =IF(AJ107=0,0,IF(AJ107>2,1.25-0.125*AJ107,1)) -> 1 | AL107: {=IFERROR(INDEX(sheath_ecap_asd,MATCH(AP107,sheath_mark,0),0)*AK107,0)} -> 0 | AM107: {=IFERROR(INDEX(sheath_wcap_asd,MATCH(AP107,sheath_mark,0),0)*AK107,0)} -> 0 | AN107: {=IFERROR(INDEX(hd_cap,MATCH(AQ107,hd_mark,0),0),0)} -> 0 | AU107: =$Q$25 -> Roof | AV107: =$E$25 -> 33.171875 | AW107: {=IFERROR(IF(AV107=0,0,(INDEX($C$33:$C$38,MATCH($AZ$39,$B$33:$B$38,0),0)*(AV107+$BA$39)+$AY$39*$C$31)*$AU$39),0)} -> 0 | AX107: =IF(AV107=0,0,-$AY$39*$C$31*$H$27*$AU$39) -> 0 | AY107: =IF(AV107=0,0,$AY$39*$H$26*$AU$39) -> 0 | AZ107: =(0.6*AW107+0.7*AX107)*$AU$39/2 -> 0 | BA107: =AW107*$AU$39/2 -> 0 | BC107: =IF(AV107=0,0,$BG$39*$AP$25) -> 0 | BD107: =IFERROR(BC107/$AU$39,0) -> 0 | BE107: =BC107*($F$25+($C$16+$C$17+IF($C$13="single",1.5,3)+3)/12) -> 0 | BF107: =BE107-AZ107 -> 0 | BG107: {=IFERROR(IF(BF107<0,0,BF107/($AU$39-INDEX(hd_off,MATCH(BT107,hd_mark,0),0)/12)),0)} -> 0 | BH107: =IF(AV107=0,0,$BG$39*$AM$25) -> 0 | BI107: =IFERROR(BH107/$AU$39,0) -> 0 | BJ107: =BH107*($F$25+($C$16+$C$17+IF($C$13="single",1.5,3)+3)/12) -> 0 | BK107: =BJ107-BA107 -> 0 | BL107: {=IFERROR(IF(BK107<0,0,BK107/($AU$39-INDEX(hd_off,MATCH(BT107,hd_mark,0),0)/12)),0)} -> 0 | BM107: =MAX($F$25,$BF$39)/$Q$52 -> 0.29920977 | BN107: =IF(BM107=0,0,IF(BM107>2,1.25-0.125*BM107,1)) -> 1 | BO107: {=IFERROR(INDEX(sheath_ecap_asd,MATCH(BS107,sheath_mark,0),0)*BN107,0)} -> 0 | BP107: {=IFERROR(INDEX(sheath_wcap_asd,MATCH(BS107,sheath_mark,0),0)*BN107,0)} -> 0 | BQ107: {=IFERROR(INDEX(hd_cap,MATCH(BT107,hd_mark,0),0),0)} -> 0
Q109: =$Q$40 -> A.11 | R109: =$Q$21 -> L2 | S109: =$E$21 -> 10.6875 | T109: {=IFERROR(IF(S109=0,0,(INDEX($C$33:$C$38,MATCH($W$40,$B$33:$B$38,0),0)*(S113+$X$40)+$T$40*COUNTIF(S109:S112,">0")*$C$32+$V$40*$C$31)*$R$40),0)} -> 0 | U109: =IF(S109=0,0,-(COUNTIF(S109:S112,">0")*$T$40*$C$32+$V$40*$C$31)*$H$27*$R$40) -> 0 | V109: =IF(S109=0,0,$V$40*$H$26*$R$40) -> 0 | W109: =(0.6*T109+0.7*U109)*$R$40/2 -> 0 | X109: =(0.6*T109+0.6*V109)*$R$40/2 -> 0 | Z109: =IF(S109=0,0,$AD$40*$AP$21) -> 0 | AA109: =IFERROR(Z109/$R$40,0) -> 0 | AB109: =Z109*($F$21+IF($F$21=0,0,($C$14+$C$15+IF($C$13="single",1.5,3)+3)/12)) -> 0 | AC109: =AB109-W109 -> 0 | AD109: {=IFERROR(IF(AC109<0,0,AC109/($R$40-INDEX(hd_off,MATCH(AQ109,hd_mark,0),0)/12)),0)} -> 0 | AE109: =IF(S109=0,0,$AD$40*$AM$21) -> 0 | AF109: =IFERROR(AE109/$R$40,0) -> 0 | AG109: =AE109*($F$21+IF($F$21=0,0,($C$14+$C$15+IF($C$13="single",1.5,3)+3)/12)) -> 0 | AH109: =AG109-X109 -> 0 | AI109: {=IFERROR(IF(AH109<0,0,AH109/($R$40-INDEX(hd_off,MATCH(AQ109,hd_mark,0),0)/12)),0)} -> 0 | AJ109: =MAX($F$21,$Y$40)/$Q$52 -> 0.30172414 | AK109: =IF(AJ109=0,0,IF(AJ109>2,1.25-0.125*AJ109,1)) -> 1 | AL109: {=IFERROR(INDEX(sheath_ecap_asd,MATCH(AP109,sheath_mark,0),0)*AK109,0)} -> 0 | AM109: {=IFERROR(INDEX(sheath_wcap_asd,MATCH(AP109,sheath_mark,0),0)*AK109,0)} -> 0 | AN109: {=IFERROR(INDEX(hd_cap,MATCH(AQ109,hd_mark,0),0),0)} -> 0 | AT109: =$AT$40 -> 1.11 | AU109: =$Q$21 -> L2 | AV109: =$E$21 -> 10.6875 | AW109: {=IFERROR(IF(AV109=0,0,(INDEX($C$33:$C$38,MATCH($AZ$40,$B$33:$B$38,0),0)*(AV113+$BA$40)+$AW$40*COUNTIF(AV109:AV112,">0")*$C$32+$AY$40*$C$31)*$AU$40),0)} -> 0 | AX109: =IF(AV109=0,0,-(COUNTIF(AV109:AV112,">0")*$AW$40*$C$32+$AY$40*$C$31)*$H$27*$AU$40) -> 0 | AY109: =IF(AV109=0,0,$AY$40*$H$26*$AU$40) -> 0 | AZ109: =(0.6*AW109+0.7*AX109)*$AU$40/2 -> 0 | BA109: =(0.6*AW109+0.6*AY109)*$AU$40/2 -> 0 | BC109: =IF(AV109=0,0,$BG$40*$AP$21) -> 0 | BD109: =IFERROR(BC109/$AU$40,0) -> 0 | BE109: =BC109*($F$21+IF($F$21=0,0,($C$14+$C$15+IF($C$13="single",1.5,3)+3)/12)) -> 0 | BF109: =BE109-AZ109 -> 0 | BG109: {=IFERROR(IF(BF109<0,0,BF109/($AU$40-INDEX(hd_off,MATCH(BT109,hd_mark,0),0)/12)),0)} -> 0 | BH109: =IF(AV109=0,0,$BG$40*$AM$21) -> 0 | BI109: =IFERROR(BH109/$AU$40,0) -> 0 | BJ109: =BH109*($F$21+IF($F$21=0,0,($C$14+$C$15+IF($C$13="single",1.5,3)+3)/12)) -> 0 | BK109: =BJ109-BA109 -> 0 | BL109: {=IFERROR(IF(BK109<0,0,BK109/($AU$40-INDEX(hd_off,MATCH(BT109,hd_mark,0),0)/12)),0)} -> 0 | BM109: =MAX($F$21,$BB$40)/$Q$52 -> 0.30172414 | BN109: =IF(BM109=0,0,IF(BM109>2,1.25-0.125*BM109,1)) -> 1 | BO109: {=IFERROR(INDEX(sheath_ecap_asd,MATCH(BS109,sheath_mark,0),0)*BN109,0)} -> 0 | BP109: {=IFERROR(INDEX(sheath_wcap_asd,MATCH(BS109,sheath_mark,0),0)*BN109,0)} -> 0 | BQ109: {=IFERROR(INDEX(hd_cap,MATCH(BT109,hd_mark,0),0),0)} -> 0
R110: =$Q$22 -> L3 | S110: =$E$22 -> 21.375 | T110: {=IFERROR(IF(S110=0,0,(INDEX($C$33:$C$38,MATCH($W$40,$B$33:$B$38,0),0)*(S113+$X$40)+$T$40*COUNTIF(S110:S112,">0")*$C$32+$V$40*$C$31)*$R$40),0)} -> 0 | U110: =IF(S110=0,0,-(COUNTIF(S110:S112,">0")*$T$40*$C$32+$V$40*$C$31)*$H$27*$R$40) -> 0 | V110: =IF(S110=0,0,$V$40*$H$26*$R$40) -> 0 | W110: =(0.6*T110+0.7*U110)*$R$40/2 -> 0 | X110: =T110*$R$40/2 -> 0 | Z110: =IF(S110=0,0,$AD$40*$AP$22) -> 0 | AA110: =IFERROR(Z110/$R$40,0) -> 0 | AB110: =Z110*($F$22+IF($F$22=0,0,($C$14+$C$15+IF($C$13="single",1.5,3)+3)/12)) -> 0 | AC110: =AB110-W110 -> 0 | AD110: {=IFERROR(IF(AC110<0,0,AC110/($R$40-INDEX(hd_off,MATCH(AQ110,hd_mark,0),0)/12)),0)} -> 0 | AE110: =IF(S110=0,0,$AD$40*$AM$22) -> 0 | AF110: =IFERROR(AE110/$R$40,0) -> 0 | AG110: =AE110*($F$22+IF($F$22=0,0,($C$14+$C$15+IF($C$13="single",1.5,3)+3)/12)) -> 0 | AH110: =AG110-X110 -> 0 | AI110: {=IFERROR(IF(AH110<0,0,AH110/($R$40-INDEX(hd_off,MATCH(AQ110,hd_mark,0),0)/12)),0)} -> 0 | AJ110: =MAX($F$22,$Z$40)/$Q$52 -> 0.30172414 | AK110: =IF(AJ110=0,0,IF(AJ110>2,1.25-0.125*AJ110,1)) -> 1 | AL110: {=IFERROR(INDEX(sheath_ecap_asd,MATCH(AP110,sheath_mark,0),0)*AK110,0)} -> 0 | AM110: {=IFERROR(INDEX(sheath_wcap_asd,MATCH(AP110,sheath_mark,0),0)*AK110,0)} -> 0 | AN110: {=IFERROR(INDEX(hd_cap,MATCH(AQ110,hd_mark,0),0),0)} -> 0 | AU110: =$Q$22 -> L3 | AV110: =$E$22 -> 21.375 | AW110: {=IFERROR(IF(AV110=0,0,(INDEX($C$33:$C$38,MATCH($AZ$40,$B$33:$B$38,0),0)*(AV113+$BA$40)+$AW$40*COUNTIF(AV110:AV112,">0")*$C$32+$AY$40*$C$31)*$AU$40),0)} -> 0 | AX110: =IF(AV110=0,0,-(COUNTIF(AV110:AV112,">0")*$AW$40*$C$32+$AY$40*$C$31)*$H$27*$AU$40) -> 0 | AY110: =IF(AV110=0,0,$AY$40*$H$26*$AU$40) -> 0 | AZ110: =(0.6*AW110+0.7*AX110)*$AU$40/2 -> 0 | BA110: =AW110*$AU$40/2 -> 0 | BC110: =IF(AV110=0,0,$BG$40*$AP$22) -> 0 | BD110: =IFERROR(BC110/$AU$40,0) -> 0 | BE110: =BC110*($F$22+IF($F$22=0,0,($C$14+$C$15+IF($C$13="single",1.5,3)+3)/12)) -> 0 | BF110: =BE110-AZ110 -> 0 | BG110: {=IFERROR(IF(BF110<0,0,BF110/($AU$40-INDEX(hd_off,MATCH(BT110,hd_mark,0),0)/12)),0)} -> 0 | BH110: =IF(AV110=0,0,$BG$40*$AM$22) -> 0 | BI110: =IFERROR(BH110/$AU$40,0) -> 0 | BJ110: =BH110*($F$22+IF($F$22=0,0,($C$14+$C$15+IF($C$13="single",1.5,3)+3)/12)) -> 0 | BK110: =BJ110-BA110 -> 0 | BL110: {=IFERROR(IF(BK110<0,0,BK110/($AU$40-INDEX(hd_off,MATCH(BT110,hd_mark,0),0)/12)),0)} -> 0 | BM110: =MAX($F$22,$BC$40)/$Q$52 -> 0.30172414 | BN110: =IF(BM110=0,0,IF(BM110>2,1.25-0.125*BM110,1)) -> 1 | BO110: {=IFERROR(INDEX(sheath_ecap_asd,MATCH(BS110,sheath_mark,0),0)*BN110,0)} -> 0 | BP110: {=IFERROR(INDEX(sheath_wcap_asd,MATCH(BS110,sheath_mark,0),0)*BN110,0)} -> 0 | BQ110: {=IFERROR(INDEX(hd_cap,MATCH(BT110,hd_mark,0),0),0)} -> 0
Q111: Length | R111: =$Q$23 -> L4 | S111: =$E$23 -> 0 | T111: {=IFERROR(IF(S111=0,0,(INDEX($C$33:$C$38,MATCH($W$40,$B$33:$B$38,0),0)*(S113+$X$40)+$T$40*COUNTIF(S111:S112,">0")*$C$32+$V$40*$C$31)*$R$40),0)} -> 0 | U111: =IF(S111=0,0,-(COUNTIF(S111:S112,">0")*$T$40*$C$32+$V$40*$C$31)*$H$27*$R$40) -> 0 | V111: =IF(S111=0,0,$V$40*$H$26*$R$40) -> 0 | W111: =(0.6*T111+0.7*U111)*$R$40/2 -> 0 | X111: =T111*$R$40/2 -> 0 | Z111: =IF(S111=0,0,$AD$40*$AP$23) -> 0 | AA111: =IFERROR(Z111/$R$40,0) -> 0 | AB111: =Z111*($F$23+IF($F$23=0,0,($C$14+$C$15+IF($C$13="single",1.5,3)+3)/12)) -> 0 | AC111: =AB111-W111 -> 0 | AD111: {=IFERROR(IF(AC111<0,0,AC111/($R$40-INDEX(hd_off,MATCH(AQ111,hd_mark,0),0)/12)),0)} -> 0 | AE111: =IF(S111=0,0,$AD$40*$AM$23) -> 0 | AF111: =IFERROR(AE111/$R$40,0) -> 0 | AG111: =AE111*($F$23+IF($F$23=0,0,($C$14+$C$15+IF($C$13="single",1.5,3)+3)/12)) -> 0 | AH111: =AG111-X111 -> 0 | AI111: {=IFERROR(IF(AH111<0,0,AH111/($R$40-INDEX(hd_off,MATCH(AQ111,hd_mark,0),0)/12)),0)} -> 0 | AJ111: =MAX($F$23,$AA$40)/$Q$52 -> 0 | AK111: =IF(AJ111=0,0,IF(AJ111>2,1.25-0.125*AJ111,1)) -> 0 | AL111: {=IFERROR(INDEX(sheath_ecap_asd,MATCH(AP111,sheath_mark,0),0)*AK111,0)} -> 0 | AM111: {=IFERROR(INDEX(sheath_wcap_asd,MATCH(AP111,sheath_mark,0),0)*AK111,0)} -> 0 | AN111: {=IFERROR(INDEX(hd_cap,MATCH(AQ111,hd_mark,0),0),0)} -> 0 | AT111: Length | AU111: =$Q$23 -> L4 | AV111: =$E$23 -> 0 | AW111: {=IFERROR(IF(AV111=0,0,(INDEX($C$33:$C$38,MATCH($AZ$40,$B$33:$B$38,0),0)*(AV113+$BA$40)+$AW$40*COUNTIF(AV111:AV112,">0")*$C$32+$AY$40*$C$31)*$AU$40),0)} -> 0 | AX111: =IF(AV111=0,0,-(COUNTIF(AV111:AV112,">0")*$AW$40*$C$32+$AY$40*$C$31)*$H$27*$AU$40) -> 0 | AY111: =IF(AV111=0,0,$AY$40*$H$26*$AU$40) -> 0 | AZ111: =(0.6*AW111+0.7*AX111)*$AU$40/2 -> 0 | BA111: =AW111*$AU$40/2 -> 0 | BC111: =IF(AV111=0,0,$BG$40*$AP$23) -> 0 | BD111: =IFERROR(BC111/$AU$40,0) -> 0 | BE111: =BC111*($F$23+IF($F$23=0,0,($C$14+$C$15+IF($C$13="single",1.5,3)+3)/12)) -> 0 | BF111: =BE111-AZ111 -> 0 | BG111: {=IFERROR(IF(BF111<0,0,BF111/($AU$40-INDEX(hd_off,MATCH(BT111,hd_mark,0),0)/12)),0)} -> 0 | BH111: =IF(AV111=0,0,$BG$40*$AM$23) -> 0 | BI111: =IFERROR(BH111/$AU$40,0) -> 0 | BJ111: =BH111*($F$23+IF($F$23=0,0,($C$14+$C$15+IF($C$13="single",1.5,3)+3)/12)) -> 0 | BK111: =BJ111-BA111 -> 0 | BL111: {=IFERROR(IF(BK111<0,0,BK111/($AU$40-INDEX(hd_off,MATCH(BT111,hd_mark,0),0)/12)),0)} -> 0 | BM111: =MAX($F$23,$BD$40)/$Q$52 -> 0 | BN111: =IF(BM111=0,0,IF(BM111>2,1.25-0.125*BM111,1)) -> 0 | BO111: {=IFERROR(INDEX(sheath_ecap_asd,MATCH(BS111,sheath_mark,0),0)*BN111,0)} -> 0 | BP111: {=IFERROR(INDEX(sheath_wcap_asd,MATCH(BS111,sheath_mark,0),0)*BN111,0)} -> 0 | BQ111: {=IFERROR(INDEX(hd_cap,MATCH(BT111,hd_mark,0),0),0)} -> 0
...

Sheet Sheet3
B2: Fire Rated Assembly
B4: Name | C4: Use Limit | D4: Stud Req'd | E4: Max Stud Spacing [in o.c.] | F4: Sheathing Limit | G4: Limit "m" 78%F'c for Le/d >= 33
B5: None
B6: IBC Table 721.2(2) 12-1.1 | C6: Interior | D6: 2x4 | E6: 16 | G6: 0.78
B7: IBC Table 721.2(2) 12-1.2 | C7: Interior | D7: 2x4 | E7: 16 | G7: 1
B8: IBC Table 721.2(2) 12-1.3 | C8: Interior | D8: 2x4 | E8: 16 | G8: 1
B9: IBC Table 721.2(2) 12-1.4 | C9: Interior | D9: 2x4 | E9: 16 | G9: 1
B10: IBC Table 721.2(2) 14-1.1 | C10: Interior | D10: 2x4 | E10: 16 | G10: 0.78
B11: IBC Table 721.2(2) 14-1.2 | C11: Interior | D11: 2x4 | E11: 16 | G11: 0.78
B12: IBC Table 721.2(2) 14-1.3 | C12: Interior | D12: 2x4 | E12: 16 | G12: 0.78
B13: IBC Table 721.2(2) 14-1.4 | C13: Interior | D13: 2x4 | E13: 16
B14: IBC Table 721.2(2) 14-1.5 | C14: Interior | D14: 2x4 | E14: 16 | G14: 0.78
B15: IBC Table 721.2(2) 15-1.1 | C15: Int / Ext | D15: 2x4 | E15: 16 | G15: 0.78
B16: IBC Table 721.2(2) 15-1.2 | C16: Int / Ext | D16: 2x4 | E16: 16 | G16: 0.78
B17: IBC Table 721.2(2) 15-1.3 | C17: Int / Ext | D17: 2x4 | E17: 16 | G17: 0.78
B18: IBC Table 721.2(2) 15-1.5 | C18: Int / Ext | D18: 2x4 | E18: 16 | F18: Yes | G18: 0.78
B19: IBC Table 721.2(2) 15-1.6 | C19: Int / Ext | D19: 2x6 | E19: 16 | G19: 0.78
B20: IBC Table 721.2(2) 15-1.7 | C20: Int / Ext | D20: 2x6 | E20: 16 | G20: 0.78
B21: IBC Table 721.2(2) 15-1.8 | C21: Int / Ext | D21: 2x6 | E21: 16 | G21: 0.78
B22: IBC Table 721.2(2) 15-1.12 | C22: Int / Ext | D22: 2x6 | E22: 16 | F22: Yes | G22: 1
B23: IBC Table 721.2(2) 15-1.13 | C23: Int / Ext | D23: 2x6 | E23: 16 | F23: Yes | G23: 1
B24: IBC Table 721.2(2) 15-1.14 | C24: Int / Ext | D24: 2x6 | E24: 16 | F24: Yes | G24: 1
B25: IBC Table 721.2(2) 15-1.15 | C25: Int / Ext | D25: 2x4 | E25: 16 | F25: Yes | G25: 1
B26: IBC Table 721.2(2) 15-1.16 | C26: Int / Ext | D26: 2x6 | E26: 24 | F26: Yes | G26: 1
B27: IBC Table 721.2(2) 16-1.1 | C27: Exterior | D27: 2x4 | E27: 16 | F27: Yes | G27: 1
B28: IBC Table 721.2(2) 16-1.2 | C28: Exterior | D28: 2x6 | E28: 16 | F28: Yes | G28: 1
B29: IBC Table 721.2(2) 16-1.3 | C29: Exterior | D29: 2x6 | E29: 16 | F29: Yes | G29: 1
